tag_id,tag_key,zh_name,en_name,category,parent_tag_key,level,aliases_zh,aliases_en,use_for_exact_filter,use_for_fulltext,use_for_semantic,use_for_weighting,default_usage_class,default_active_input_allowed,default_reference_role,risk_level,description_zh,description_en,examples,do_not_use_for,source_basis,status
TAG_BASIC_INFO_0001,basic_info,基础信息,Basic Info,basic_info,,L1,,,TRUE,TRUE,TRUE,FALSE,metadata_or_control,false,classification_root,none,文件、片段、技术元数据和基本识别信息。,Top-level class for Basic Info.,,,PROJECT_SOURCE_SYNTHESIS,active_candidate
TAG_SOURCE_RIGHTS_0002,source_rights,来源与版权,Source and Rights,source_rights,,L1,,,TRUE,TRUE,TRUE,FALSE,metadata_or_control,false,classification_root,none,来源类型、权利状态、数字来源、出处和可用性。,Top-level class for Source and Rights.,,,PROJECT_SOURCE_SYNTHESIS,active_candidate
TAG_USAGE_SAFETY_0003,usage_safety,用途与安全,Usage and Safety,usage_safety,,L1,,,TRUE,TRUE,TRUE,FALSE,metadata_or_control,false,classification_root,none,离线语法、主动输入、审片标准、禁止使用等安全边界。,Top-level class for Usage and Safety.,,,PROJECT_SOURCE_SYNTHESIS,active_candidate
TAG_CONTEXT_FIT_0004,context_fit,场景上下文,Context Fit,context_fit,,L1,,,TRUE,TRUE,TRUE,FALSE,metadata_or_control,false,classification_root,none,项目类型、场景类型、镜头目标、任务路由和模型上下文。,Top-level class for Context Fit.,,,PROJECT_SOURCE_SYNTHESIS,active_candidate
TAG_ACTION_0005,action,动作,Action,action,,L1,,,TRUE,TRUE,TRUE,FALSE,metadata_or_control,false,classification_root,none,身体运动、攻防、接触、受力、位移和动作因果。,Top-level class for Action.,,,PROJECT_SOURCE_SYNTHESIS,active_candidate
TAG_ANIMATION_MOTION_0006,animation_motion,动画运动规律,Animation Motion Grammar,animation_motion,,L1,,,TRUE,TRUE,TRUE,FALSE,metadata_or_control,false,classification_root,none,预备、跟随、夸张、拖影、pose-to-pose 等动画语法。,Top-level class for Animation Motion Grammar.,,,PROJECT_SOURCE_SYNTHESIS,active_candidate
TAG_GAME_COMBAT_TIMING_0007,game_combat_timing,游戏战斗时序,Game Combat Timing,game_combat_timing,,L1,,,TRUE,TRUE,TRUE,FALSE,metadata_or_control,false,classification_root,none,startup、active、recovery、hit-stop 等动作游戏时序概念。,Top-level class for Game Combat Timing.,,,PROJECT_SOURCE_SYNTHESIS,active_candidate
TAG_CAMERA_0008,camera,运镜,Camera,camera,,L1,,,TRUE,TRUE,TRUE,FALSE,metadata_or_control,false,classification_root,none,景别、角度、运动、手持、推进、环绕和镜头惯性。,Top-level class for Camera.,,,PROJECT_SOURCE_SYNTHESIS,active_candidate
TAG_COMPOSITION_BLOCKING_0009,composition_blocking,构图与空间调度,Composition and Blocking,composition_blocking,,L1,,,TRUE,TRUE,TRUE,FALSE,metadata_or_control,false,classification_root,none,空间类型、前中后景、远近关系、角色落点和画面轴线。,Top-level class for Composition and Blocking.,,,PROJECT_SOURCE_SYNTHESIS,active_candidate
TAG_FX_POST_0010,fx_post,特效与后期,FX and Post,fx_post,,L1,,,TRUE,TRUE,TRUE,FALSE,metadata_or_control,false,classification_root,none,模型内生成、生成后增强、post-only、剪辑参考、图文包装等。,Top-level class for FX and Post.,,,PROJECT_SOURCE_SYNTHESIS,active_candidate
TAG_EDITING_RHYTHM_0011,editing_rhythm,剪辑与节奏,Editing and Rhythm,editing_rhythm,,L1,,,TRUE,TRUE,TRUE,FALSE,metadata_or_control,false,classification_root,none,切点、卡点、变速、慢动作、定格和节奏结构。,Top-level class for Editing and Rhythm.,,,PROJECT_SOURCE_SYNTHESIS,active_candidate
TAG_PERFORMANCE_EMOTION_0012,performance_emotion,表演与情绪,Performance and Emotion,performance_emotion,,L1,,,TRUE,TRUE,TRUE,FALSE,metadata_or_control,false,classification_root,none,面部、身体、呼吸、眼神、情绪递进和表演线索。,Top-level class for Performance and Emotion.,,,PROJECT_SOURCE_SYNTHESIS,active_candidate
TAG_ENVIRONMENT_FEEDBACK_0013,environment_feedback,环境反馈,Environment Feedback,environment_feedback,,L1,,,TRUE,TRUE,TRUE,FALSE,metadata_or_control,false,classification_root,none,雨水、湿地、烟尘、布料、头发、碎屑等环境与材质响应。,Top-level class for Environment Feedback.,,,PROJECT_SOURCE_SYNTHESIS,active_candidate
TAG_STYLE_LIGHTING_0014,style_lighting,风格与光影,Style and Lighting,style_lighting,,L1,,,TRUE,TRUE,TRUE,FALSE,metadata_or_control,false,classification_root,none,写实程度、媒介风格、色彩、光影、质感和风格风险。,Top-level class for Style and Lighting.,,,PROJECT_SOURCE_SYNTHESIS,active_candidate
TAG_SOUND_RHYTHM_0015,sound_rhythm,声音节奏,Sound Rhythm,sound_rhythm,,L1,,,TRUE,TRUE,TRUE,FALSE,metadata_or_control,false,classification_root,none,冲击音、风切、节拍、静音、呼吸和音画同步提示。,Top-level class for Sound Rhythm.,,,PROJECT_SOURCE_SYNTHESIS,active_candidate
TAG_RISK_0016,risk,风险,Risk,risk,,L1,,,TRUE,TRUE,TRUE,FALSE,metadata_or_control,false,classification_root,none,版权、IP、人物脸、品牌、水印、字幕、UI、隐私和风格污染。,Top-level class for Risk.,,,PROJECT_SOURCE_SYNTHESIS,active_candidate
TAG_USAGE_OUTCOME_0017,usage_outcome,使用结果与反馈,Usage Outcome and Feedback,usage_outcome,,L1,,,TRUE,TRUE,TRUE,FALSE,metadata_or_control,false,classification_root,none,成功、失败、部分成功、上下文权重和使用记忆。,Top-level class for Usage Outcome and Feedback.,,,PROJECT_SOURCE_SYNTHESIS,active_candidate
TAG_WORKFLOW_STATUS_0018,workflow_status,工作流状态,Workflow Status,workflow_status,,L1,,,TRUE,TRUE,TRUE,FALSE,metadata_or_control,false,classification_root,none,导入、粗标、深标、prompt-ready、active-safe、reject 等流程状态。,Top-level class for Workflow Status.,,,PROJECT_SOURCE_SYNTHESIS,active_candidate
TAG_SOURCE_RIGHTS_0019,source_type,来源类型,Source Type,source_rights,source_rights,L2,,,TRUE,TRUE,TRUE,TRUE,offline_grammar_only,false,,none,素材或参考片段的来源大类。,Type of source material.,,,TAG_SYSTEM_RESEARCH,candidate
TAG_SOURCE_RIGHTS_0020,film,电影,Film,source_rights,source_type,L3,电影,film,TRUE,TRUE,TRUE,TRUE,offline_grammar_only,false,reference_observation,medium,影视片段，默认仅离线语法。,影视片段，默认仅离线语法。,,,SAFETY_RESEARCH,candidate
TAG_SOURCE_RIGHTS_0021,tv,电视剧,TV,source_rights,source_type,L3,电视剧,tv,TRUE,TRUE,TRUE,TRUE,offline_grammar_only,false,reference_observation,medium,电视剧片段，默认仅离线语法。,电视剧片段，默认仅离线语法。,,,SAFETY_RESEARCH,candidate
TAG_SOURCE_RIGHTS_0022,game_cinematic,游戏CG,Game Cinematic,source_rights,source_type,L3,游戏CG,game cinematic,TRUE,TRUE,TRUE,TRUE,offline_grammar_only,false,reference_observation,medium,游戏演出 / CG，默认离线语法。,游戏演出 / CG，默认离线语法。,,,SAFETY_RESEARCH,candidate
TAG_SOURCE_RIGHTS_0023,gameplay,游戏实机,Gameplay,source_rights,source_type,L3,游戏实机,gameplay,TRUE,TRUE,TRUE,TRUE,offline_grammar_only,false,reference_observation,high,游戏实机或录屏，注意 HUD / UI / IP 风险。,游戏实机或录屏，注意 HUD / UI / IP 风险。,,,SAFETY_RESEARCH,candidate
TAG_SOURCE_RIGHTS_0024,anime,动漫,Anime,source_rights,source_type,L3,动漫,anime,TRUE,TRUE,TRUE,TRUE,offline_grammar_only,false,reference_observation,high,动漫或番剧素材，默认离线语法。,动漫或番剧素材，默认离线语法。,,,SAFETY_RESEARCH,candidate
TAG_SOURCE_RIGHTS_0025,animation,动画,Animation,source_rights,source_type,L3,动画,animation,TRUE,TRUE,TRUE,TRUE,offline_grammar_only,false,reference_observation,medium,动画短片、CG 动画、定格动画等。,动画短片、CG 动画、定格动画等。,,,SAFETY_RESEARCH,candidate
TAG_SOURCE_RIGHTS_0026,mocap,动捕,Mocap,source_rights,source_type,L3,动捕,mocap,TRUE,TRUE,TRUE,TRUE,license_check,review_required,action_reference,medium,真人动捕或动作捕捉资料，需确认权利。,真人动捕或动作捕捉资料，需确认权利。,,,SAFETY_RESEARCH,candidate
TAG_SOURCE_RIGHTS_0027,ae_pr,AE/PR特效,AE/PR Tutorial or FX,source_rights,source_type,L3,AE/PR特效,ae/pr tutorial or fx,TRUE,TRUE,TRUE,TRUE,offline_grammar_only,false,fx_reference,medium,后期教程、工程演示或特效参考，常有 UI/水印风险。,后期教程、工程演示或特效参考，常有 UI/水印风险。,,,SAFETY_RESEARCH,candidate
TAG_SOURCE_RIGHTS_0028,tutorial,教程,Tutorial,source_rights,source_type,L3,教程,tutorial,TRUE,TRUE,TRUE,TRUE,offline_grammar_only,false,review_standard,medium,公开教程或软件演示，默认离线语法或 review standard。,公开教程或软件演示，默认离线语法或 review standard。,,,SAFETY_RESEARCH,candidate
TAG_SOURCE_RIGHTS_0029,self_shot,自录,Self-shot,source_rights,source_type,L3,自录,self-shot,TRUE,TRUE,TRUE,TRUE,active_input_candidate,review_required,active_candidate,low,自己拍摄或自制素材，优先作为 active input 候选。,自己拍摄或自制素材，优先作为 active input 候选。,,,SAFETY_RESEARCH,candidate
TAG_SOURCE_RIGHTS_0030,stock,素材库,Stock,source_rights,source_type,L3,素材库,stock,TRUE,TRUE,TRUE,TRUE,license_check,review_required,reference_observation,medium,购买或授权素材，需核对许可范围。,购买或授权素材，需核对许可范围。,,,SAFETY_RESEARCH,candidate
TAG_SOURCE_RIGHTS_0031,social_short,社交短视频,Social Short,source_rights,source_type,L3,社交短视频,social short,TRUE,TRUE,TRUE,TRUE,offline_grammar_only,false,reference_observation,high,社交平台短片，默认离线语法，来源不明时高风险。,社交平台短片，默认离线语法，来源不明时高风险。,,,SAFETY_RESEARCH,candidate
TAG_SOURCE_RIGHTS_0032,unknown,未知来源,Unknown Source,source_rights,source_type,L3,未知来源,unknown source,TRUE,TRUE,TRUE,TRUE,offline_grammar_only,false,risk_filter,high,来源不明，active input 禁止。,来源不明，active input 禁止。,,,SAFETY_RESEARCH,candidate
TAG_SOURCE_RIGHTS_0033,rights_status,权利状态,Rights Status,source_rights,source_rights,L2,,,TRUE,TRUE,TRUE,TRUE,offline_grammar_only,false,,none,权利与许可状态字段。,,,,SAFETY_RESEARCH,candidate
TAG_SOURCE_RIGHTS_0034,rights_unknown,权利未知,Unknown Rights,source_rights,rights_status,L3,,,TRUE,TRUE,TRUE,TRUE,offline_grammar_only,false,risk_filter,high,权利未确认。,权利未确认。,,,SAFETY_RESEARCH,candidate
TAG_SOURCE_RIGHTS_0035,public_reference_only,仅公开参考,Public Reference Only,source_rights,rights_status,L3,,,TRUE,TRUE,TRUE,TRUE,offline_grammar_only,false,reference_observation,medium,只能内部观察、抽象动作/镜头语法。,只能内部观察、抽象动作/镜头语法。,,,SAFETY_RESEARCH,candidate
TAG_SOURCE_RIGHTS_0036,licensed,已授权,Licensed,source_rights,rights_status,L3,,,TRUE,TRUE,TRUE,TRUE,license_check,review_required,active_candidate,medium,已授权但需检查是否允许 AI reference / active input。,已授权但需检查是否允许 AI reference / active input。,,,SAFETY_RESEARCH,candidate
TAG_SOURCE_RIGHTS_0037,self_owned,自有,Self Owned,source_rights,rights_status,L3,,,TRUE,TRUE,TRUE,TRUE,active_input_candidate,review_required,active_candidate,low,自有素材，低风险但仍需人工审核。,自有素材，低风险但仍需人工审核。,,,SAFETY_RESEARCH,candidate
TAG_SOURCE_RIGHTS_0038,client_owned,客户拥有,Client Owned,source_rights,rights_status,L3,,,TRUE,TRUE,TRUE,TRUE,client_approval_required,review_required,client_asset,medium,客户素材，需客户明确授权。,客户素材，需客户明确授权。,,,SAFETY_RESEARCH,candidate
TAG_SOURCE_RIGHTS_0039,restricted,受限,Restricted,source_rights,rights_status,L3,,,TRUE,TRUE,TRUE,TRUE,do_not_use_or_review_only,false,risk_filter,high,许可或来源有明确限制。,许可或来源有明确限制。,,,SAFETY_RESEARCH,candidate
TAG_SOURCE_RIGHTS_0040,prohibited,禁止使用,Prohibited,source_rights,rights_status,L3,,,TRUE,TRUE,TRUE,TRUE,do_not_use,false,risk_filter,critical,不得用于参考库工作流。,不得用于参考库工作流。,,,SAFETY_RESEARCH,candidate
TAG_USAGE_SAFETY_0041,usage_class,使用类别,Usage Class,usage_safety,usage_safety,L2,,,TRUE,TRUE,TRUE,TRUE,offline_grammar_only,false,,none,决定参考视频能以何种方式参与生产。,,,,SAFETY_RESEARCH,candidate
TAG_USAGE_SAFETY_0042,offline_grammar_only,仅离线语法,Offline Grammar Only,usage_safety,usage_class,L3,,,TRUE,TRUE,TRUE,TRUE,offline_grammar_only,false,grammar_extraction,medium,只能离线观察、拆动作/运镜/特效语法，不上传模型。,只能离线观察、拆动作/运镜/特效语法，不上传模型。,,,SAFETY_RESEARCH,candidate
TAG_USAGE_SAFETY_0043,prompt_influence_allowed,允许转提示词,Prompt Influence Allowed,usage_safety,usage_class,L3,,,TRUE,TRUE,TRUE,TRUE,prompt_influence_allowed,false,prompt_words,low,可抽象成 prompt words / motion words / review criteria。,可抽象成 prompt words / motion words / review criteria。,,,SAFETY_RESEARCH,candidate
TAG_USAGE_SAFETY_0044,review_standard_only,仅审片标准,Review Standard Only,usage_safety,usage_class,L3,,,TRUE,TRUE,TRUE,TRUE,review_standard_only,false,review_standard,low,只用于审片和质量判断，不作为模型输入。,只用于审片和质量判断，不作为模型输入。,,,SAFETY_RESEARCH,candidate
TAG_USAGE_SAFETY_0045,active_input_allowed,允许主动输入,Active Input Allowed,usage_safety,usage_class,L3,,,TRUE,TRUE,TRUE,TRUE,active_input_allowed,true,active_reference,low,可上传给生成模型作为 active reference 的已审核状态。,可上传给生成模型作为 active reference 的已审核状态。,,,SAFETY_RESEARCH,candidate
TAG_USAGE_SAFETY_0046,do_not_use,禁止使用,Do Not Use,usage_safety,usage_class,L3,,,TRUE,TRUE,TRUE,TRUE,do_not_use,false,risk_filter,critical,不建议使用或必须排除。,不建议使用或必须排除。,,,SAFETY_RESEARCH,candidate
TAG_USAGE_SAFETY_0047,reference_scope,参考职责范围,Reference Scope,usage_safety,usage_safety,L2,,,TRUE,TRUE,TRUE,TRUE,offline_grammar_only,false,,none,该参考只学习哪一类语法。,,,,SAFETY_RESEARCH,candidate
TAG_USAGE_SAFETY_0048,action_reference_only,仅动作参考,Action Reference Only,usage_safety,reference_scope,L3,,,TRUE,TRUE,TRUE,TRUE,reference_duty,false,action_reference,none,只参考动作节奏、身体发力路径和关键姿态。,只参考动作节奏、身体发力路径和关键姿态。,,,SAFETY_RESEARCH,candidate
TAG_USAGE_SAFETY_0049,camera_reference_only,仅运镜参考,Camera Reference Only,usage_safety,reference_scope,L3,,,TRUE,TRUE,TRUE,TRUE,reference_duty,false,camera_reference,none,只参考镜头速度、方向、停顿与惯性。,只参考镜头速度、方向、停顿与惯性。,,,SAFETY_RESEARCH,candidate
TAG_USAGE_SAFETY_0050,fx_reference_only,仅特效参考,FX Reference Only,usage_safety,reference_scope,L3,,,TRUE,TRUE,TRUE,TRUE,reference_duty,false,fx_reference,none,只参考特效时序、层次和衰减方式。,只参考特效时序、层次和衰减方式。,,,SAFETY_RESEARCH,candidate
TAG_USAGE_SAFETY_0051,editing_reference_only,仅剪辑节奏参考,Editing Rhythm Reference Only,usage_safety,reference_scope,L3,,,TRUE,TRUE,TRUE,TRUE,reference_duty,false,editing_reference,none,只参考卡点、切点、速度变化和停顿。,只参考卡点、切点、速度变化和停顿。,,,SAFETY_RESEARCH,candidate
TAG_USAGE_SAFETY_0052,performance_reference_only,仅表演参考,Performance Reference Only,usage_safety,reference_scope,L3,,,TRUE,TRUE,TRUE,TRUE,reference_duty,false,performance_reference,none,只参考面部/身体/呼吸/眼神表演线索。,只参考面部/身体/呼吸/眼神表演线索。,,,SAFETY_RESEARCH,candidate
TAG_USAGE_SAFETY_0053,review_reference_only,仅审片参考,Review Reference Only,usage_safety,reference_scope,L3,,,TRUE,TRUE,TRUE,TRUE,reference_duty,false,review_standard,none,只用于判断生成结果是否达到同类效果。,只用于判断生成结果是否达到同类效果。,,,SAFETY_RESEARCH,candidate
TAG_CONTEXT_FIT_0054,project_type,项目类型,Project Type,context_fit,context_fit,L2,,,TRUE,TRUE,TRUE,TRUE,offline_grammar_only,false,,none,生产项目或内容类型。,,,,FEEDBACK_RANKING_RESEARCH,candidate
TAG_CONTEXT_FIT_0055,wuxia_action,武侠动作,Wuxia Action,context_fit,project_type,L3,,,TRUE,TRUE,TRUE,TRUE,context_filter,false,context_key,none,武侠/仙侠/古风动作项目。,武侠/仙侠/古风动作项目。,,,FEEDBACK_RANKING_RESEARCH,candidate
TAG_CONTEXT_FIT_0056,product_ad,产品广告,Product Ad,context_fit,project_type,L3,,,TRUE,TRUE,TRUE,TRUE,context_filter,false,context_key,none,产品展示、商业广告、hero shot。,产品展示、商业广告、hero shot。,,,FEEDBACK_RANKING_RESEARCH,candidate
TAG_CONTEXT_FIT_0057,anime_fight,动漫战斗,Anime Fight,context_fit,project_type,L3,,,TRUE,TRUE,TRUE,TRUE,context_filter,false,context_key,none,动漫/二次元打斗风格。,动漫/二次元打斗风格。,,,FEEDBACK_RANKING_RESEARCH,candidate
TAG_CONTEXT_FIT_0058,game_skill_cast,游戏技能释放,Game Skill Cast,context_fit,project_type,L3,,,TRUE,TRUE,TRUE,TRUE,context_filter,false,context_key,none,游戏技能演出、前摇、释放、收招。,游戏技能演出、前摇、释放、收招。,,,FEEDBACK_RANKING_RESEARCH,candidate
TAG_CONTEXT_FIT_0059,mocap_realistic,写实动捕,Mocap Realistic,context_fit,project_type,L3,,,TRUE,TRUE,TRUE,TRUE,context_filter,false,context_key,none,真实动作捕捉或写实表演参考。,真实动作捕捉或写实表演参考。,,,FEEDBACK_RANKING_RESEARCH,candidate
TAG_CONTEXT_FIT_0060,vlog_travel,Vlog旅拍,Vlog Travel,context_fit,project_type,L3,,,TRUE,TRUE,TRUE,TRUE,context_filter,false,context_key,none,旅拍、城市、空间漫游。,旅拍、城市、空间漫游。,,,FEEDBACK_RANKING_RESEARCH,candidate
TAG_CONTEXT_FIT_0061,tutorial_demo,教程演示,Tutorial Demo,context_fit,project_type,L3,,,TRUE,TRUE,TRUE,TRUE,context_filter,false,context_key,none,教程拆解或软件演示类参考。,教程拆解或软件演示类参考。,,,FEEDBACK_RANKING_RESEARCH,candidate
TAG_CONTEXT_FIT_0062,scene_type,场景类型,Scene Type,context_fit,context_fit,L2,,,TRUE,TRUE,TRUE,TRUE,offline_grammar_only,false,,none,镜头发生的空间/环境类型。,,,,FEEDBACK_RANKING_RESEARCH,candidate
TAG_CONTEXT_FIT_0063,rainy_corridor,雨夜走廊,Rainy Corridor,context_fit,scene_type,L3,,,TRUE,TRUE,TRUE,TRUE,context_filter,false,context_key,none,雨夜走廊场景过滤标签。,Scene filter for Rainy Corridor.,,,FEEDBACK_RANKING_RESEARCH,candidate
TAG_CONTEXT_FIT_0064,temple_courtyard,古寺庭院,Temple Courtyard,context_fit,scene_type,L3,,,TRUE,TRUE,TRUE,TRUE,context_filter,false,context_key,none,古寺庭院场景过滤标签。,Scene filter for Temple Courtyard.,,,FEEDBACK_RANKING_RESEARCH,candidate
TAG_CONTEXT_FIT_0065,dark_studio,暗棚,Dark Studio,context_fit,scene_type,L3,,,TRUE,TRUE,TRUE,TRUE,context_filter,false,context_key,none,暗棚场景过滤标签。,Scene filter for Dark Studio.,,,FEEDBACK_RANKING_RESEARCH,candidate
TAG_CONTEXT_FIT_0066,rooftop_night,夜晚屋顶,Rooftop Night,context_fit,scene_type,L3,,,TRUE,TRUE,TRUE,TRUE,context_filter,false,context_key,none,夜晚屋顶场景过滤标签。,Scene filter for Rooftop Night.,,,FEEDBACK_RANKING_RESEARCH,candidate
TAG_CONTEXT_FIT_0067,forest_path,森林小路,Forest Path,context_fit,scene_type,L3,,,TRUE,TRUE,TRUE,TRUE,context_filter,false,context_key,none,森林小路场景过滤标签。,Scene filter for Forest Path.,,,FEEDBACK_RANKING_RESEARCH,candidate
TAG_CONTEXT_FIT_0068,city_street,城市街道,City Street,context_fit,scene_type,L3,,,TRUE,TRUE,TRUE,TRUE,context_filter,false,context_key,none,城市街道场景过滤标签。,Scene filter for City Street.,,,FEEDBACK_RANKING_RESEARCH,candidate
TAG_CONTEXT_FIT_0069,interior_room,室内房间,Interior Room,context_fit,scene_type,L3,,,TRUE,TRUE,TRUE,TRUE,context_filter,false,context_key,none,室内房间场景过滤标签。,Scene filter for Interior Room.,,,FEEDBACK_RANKING_RESEARCH,candidate
TAG_CONTEXT_FIT_0070,training_room,训练室,Training Room,context_fit,scene_type,L3,,,TRUE,TRUE,TRUE,TRUE,context_filter,false,context_key,none,训练室场景过滤标签。,Scene filter for Training Room.,,,FEEDBACK_RANKING_RESEARCH,candidate
TAG_CONTEXT_FIT_0071,graybox_stage,灰盒舞台,Graybox Stage,context_fit,scene_type,L3,,,TRUE,TRUE,TRUE,TRUE,context_filter,false,context_key,none,灰盒舞台场景过滤标签。,Scene filter for Graybox Stage.,,,FEEDBACK_RANKING_RESEARCH,candidate
TAG_CONTEXT_FIT_0072,shot_goal,镜头目标,Shot Goal,context_fit,context_fit,L2,,,TRUE,TRUE,TRUE,TRUE,offline_grammar_only,false,,none,当前镜头想完成的主要视觉任务。,,,,FEEDBACK_RANKING_RESEARCH,candidate
TAG_CONTEXT_FIT_0073,near_wall_guard_clash,近墙护架碰撞,Near-wall Guard Clash,context_fit,shot_goal,L3,,,TRUE,TRUE,TRUE,TRUE,context_filter,false,context_key,none,近墙护架碰撞镜头目标。,Shot goal: Near-wall Guard Clash.,,,FEEDBACK_RANKING_RESEARCH,candidate
TAG_CONTEXT_FIT_0074,contact_hitstop,接触停顿,Contact Hit-stop,context_fit,shot_goal,L3,,,TRUE,TRUE,TRUE,TRUE,context_filter,false,context_key,none,接触停顿镜头目标。,Shot goal: Contact Hit-stop.,,,FEEDBACK_RANKING_RESEARCH,candidate
TAG_CONTEXT_FIT_0075,knockback_aftermath,击退后果,Knockback Aftermath,context_fit,shot_goal,L3,,,TRUE,TRUE,TRUE,TRUE,context_filter,false,context_key,none,击退后果镜头目标。,Shot goal: Knockback Aftermath.,,,FEEDBACK_RANKING_RESEARCH,candidate
TAG_CONTEXT_FIT_0076,hero_reveal,主角亮相,Hero Reveal,context_fit,shot_goal,L3,,,TRUE,TRUE,TRUE,TRUE,context_filter,false,context_key,none,主角亮相镜头目标。,Shot goal: Hero Reveal.,,,FEEDBACK_RANKING_RESEARCH,candidate
TAG_CONTEXT_FIT_0077,product_hero_insert,产品主视觉插镜,Product Hero Insert,context_fit,shot_goal,L3,,,TRUE,TRUE,TRUE,TRUE,context_filter,false,context_key,none,产品主视觉插镜镜头目标。,Shot goal: Product Hero Insert.,,,FEEDBACK_RANKING_RESEARCH,candidate
TAG_CONTEXT_FIT_0078,speed_ramp_reveal,变速揭示,Speed Ramp Reveal,context_fit,shot_goal,L3,,,TRUE,TRUE,TRUE,TRUE,context_filter,false,context_key,none,变速揭示镜头目标。,Shot goal: Speed Ramp Reveal.,,,FEEDBACK_RANKING_RESEARCH,candidate
TAG_CONTEXT_FIT_0079,reaction_closeup,反应特写,Reaction Close-up,context_fit,shot_goal,L3,,,TRUE,TRUE,TRUE,TRUE,context_filter,false,context_key,none,反应特写镜头目标。,Shot goal: Reaction Close-up.,,,FEEDBACK_RANKING_RESEARCH,candidate
TAG_CONTEXT_FIT_0080,transition_bridge,转场衔接,Transition Bridge,context_fit,shot_goal,L3,,,TRUE,TRUE,TRUE,TRUE,context_filter,false,context_key,none,转场衔接镜头目标。,Shot goal: Transition Bridge.,,,FEEDBACK_RANKING_RESEARCH,candidate
TAG_ACTION_0081,combat,战斗,Combat,action,action,L2,,,TRUE,TRUE,TRUE,TRUE,action_filter,false,action_reference,none,战斗动作中类。,Action class: Combat.,,,TAG_SYSTEM_RESEARCH,candidate
TAG_ACTION_0082,locomotion,移动,Locomotion,action,action,L2,,,TRUE,TRUE,TRUE,TRUE,action_filter,false,action_reference,none,移动动作中类。,Action class: Locomotion.,,,TAG_SYSTEM_RESEARCH,candidate
TAG_ACTION_0083,guard_block,格挡防御,Guard / Block,action,action,L2,,,TRUE,TRUE,TRUE,TRUE,action_filter,false,action_reference,none,格挡防御动作中类。,Action class: Guard / Block.,,,TAG_SYSTEM_RESEARCH,candidate
TAG_ACTION_0084,strike,打击,Strike,action,action,L2,,,TRUE,TRUE,TRUE,TRUE,action_filter,false,action_reference,none,打击动作中类。,Action class: Strike.,,,TAG_SYSTEM_RESEARCH,candidate
TAG_ACTION_0085,kick,踢击,Kick,action,action,L2,,,TRUE,TRUE,TRUE,TRUE,action_filter,false,action_reference,none,踢击动作中类。,Action class: Kick.,,,TAG_SYSTEM_RESEARCH,candidate
TAG_ACTION_0086,dodge,闪避,Dodge,action,action,L2,,,TRUE,TRUE,TRUE,TRUE,action_filter,false,action_reference,none,闪避动作中类。,Action class: Dodge.,,,TAG_SYSTEM_RESEARCH,candidate
TAG_ACTION_0087,grapple,缠斗,Grapple,action,action,L2,,,TRUE,TRUE,TRUE,TRUE,action_filter,false,action_reference,none,缠斗动作中类。,Action class: Grapple.,,,TAG_SYSTEM_RESEARCH,candidate
TAG_ACTION_0088,fall,跌落,Fall,action,action,L2,,,TRUE,TRUE,TRUE,TRUE,action_filter,false,action_reference,none,跌落动作中类。,Action class: Fall.,,,TAG_SYSTEM_RESEARCH,candidate
TAG_ACTION_0089,jump,跳跃,Jump,action,action,L2,,,TRUE,TRUE,TRUE,TRUE,action_filter,false,action_reference,none,跳跃动作中类。,Action class: Jump.,,,TAG_SYSTEM_RESEARCH,candidate
TAG_ACTION_0090,landing,落地,Landing,action,action,L2,,,TRUE,TRUE,TRUE,TRUE,action_filter,false,action_reference,none,落地动作中类。,Action class: Landing.,,,TAG_SYSTEM_RESEARCH,candidate
TAG_ACTION_0091,weapon,武器动作,Weapon Action,action,action,L2,,,TRUE,TRUE,TRUE,TRUE,action_filter,false,action_reference,none,武器动作动作中类。,Action class: Weapon Action.,,,TAG_SYSTEM_RESEARCH,candidate
TAG_ACTION_0092,body_contact,身体接触,Body Contact,action,action,L2,,,TRUE,TRUE,TRUE,TRUE,action_filter,false,action_reference,none,身体接触动作中类。,Action class: Body Contact.,,,TAG_SYSTEM_RESEARCH,candidate
TAG_ACTION_0093,transformation,变身,Transformation,action,action,L2,,,TRUE,TRUE,TRUE,TRUE,action_filter,false,action_reference,none,变身动作中类。,Action class: Transformation.,,,TAG_SYSTEM_RESEARCH,candidate
TAG_ACTION_0094,creature_motion,生物动作,Creature Motion,action,action,L2,,,TRUE,TRUE,TRUE,TRUE,action_filter,false,action_reference,none,生物动作动作中类。,Action class: Creature Motion.,,,TAG_SYSTEM_RESEARCH,candidate
TAG_ACTION_0095,vehicle_motion,载具运动,Vehicle Motion,action,action,L2,,,TRUE,TRUE,TRUE,TRUE,action_filter,false,action_reference,none,载具运动动作中类。,Action class: Vehicle Motion.,,,TAG_SYSTEM_RESEARCH,candidate
TAG_ACTION_0096,action_timing,动作时序,Action Timing,action,action,L2,,,TRUE,TRUE,TRUE,TRUE,action_filter,false,action_reference,none,动作时序动作中类。,Action class: Action Timing.,,,TAG_SYSTEM_RESEARCH,candidate
TAG_ACTION_0097,crossed_guard_compression,交叉护架压缩,Crossed Guard Compression,action,guard_block,L3,护架压缩;交叉防御,"crossed guard,guard compression",TRUE,TRUE,TRUE,TRUE,action_reference,false,action_reference,none,护架被攻方压力压向身体。,护架被攻方压力压向身体。,,,TAG_SYSTEM_RESEARCH,candidate
TAG_ACTION_0098,shoulder_pressure,肩膀压迫,Shoulder Pressure,action,body_contact,L3,肩顶;身体线压迫,"shoulder pressure,body line pressure",TRUE,TRUE,TRUE,TRUE,action_reference,false,action_reference,none,攻方用肩部/身体线前压。,攻方用肩部/身体线前压。,,,TAG_SYSTEM_RESEARCH,candidate
TAG_ACTION_0099,forearm_pressure,前臂压迫,Forearm Pressure,action,body_contact,L3,前臂压迫,"forearm pressure,arm pressure",TRUE,TRUE,TRUE,TRUE,action_reference,false,action_reference,none,攻方前臂压入防守方护架。,攻方前臂压入防守方护架。,,,TAG_SYSTEM_RESEARCH,candidate
TAG_ACTION_0100,shoulder_forearm_pressure,肩前臂组合压迫,Shoulder-and-Forearm Pressure,action,body_contact,L3,肩膀前臂压力,shoulder and forearm pressure,TRUE,TRUE,TRUE,TRUE,action_reference,false,action_reference,none,肩膀与前臂共同形成压力线。,肩膀与前臂共同形成压力线。,,,TAG_SYSTEM_RESEARCH,candidate
TAG_ACTION_0101,wet_floor_skid,湿地滑步,Wet-floor Skid,action,locomotion,L3,湿地滑步;滑退,"wet skid,wet floor skid",TRUE,TRUE,TRUE,TRUE,action_reference,false,action_reference,none,脚底在湿地面滑退或滑移。,脚底在湿地面滑退或滑移。,,,TAG_SYSTEM_RESEARCH,candidate
TAG_ACTION_0102,rear_foot_slide,后脚滑退,Rear Foot Slide,action,locomotion,L3,后脚滑退,"rear foot slide,back foot skid",TRUE,TRUE,TRUE,TRUE,action_reference,false,action_reference,none,受力后后脚向后滑。,受力后后脚向后滑。,,,TAG_SYSTEM_RESEARCH,candidate
TAG_ACTION_0103,forced_sidestep,被迫侧移,Forced Sidestep,action,locomotion,L3,被撞偏;侧移,forced sidestep,TRUE,TRUE,TRUE,TRUE,action_reference,false,action_reference,none,受力后防守方被迫向侧面移动。,受力后防守方被迫向侧面移动。,,,TAG_SYSTEM_RESEARCH,candidate
TAG_ACTION_0104,rebound_step,反弹步,Rebound Step,action,locomotion,L3,反弹步,rebound step,TRUE,TRUE,TRUE,TRUE,action_reference,false,action_reference,none,接触后反弹并立即恢复下一动作。,接触后反弹并立即恢复下一动作。,,,TAG_SYSTEM_RESEARCH,candidate
TAG_ACTION_0105,pivot_under_pressure,受压转轴,Pivot Under Pressure,action,locomotion,L3,受压转身,pivot under pressure,TRUE,TRUE,TRUE,TRUE,action_reference,false,action_reference,none,受力下用脚跟/前脚掌转轴化解。,受力下用脚跟/前脚掌转轴化解。,,,TAG_SYSTEM_RESEARCH,candidate
TAG_ACTION_0106,step_trap,脚步卡位,Step Trap,action,combat,L3,卡脚;封步,step trap,TRUE,TRUE,TRUE,TRUE,action_reference,false,action_reference,none,用脚步封住对方路线。,用脚步封住对方路线。,,,TAG_SYSTEM_RESEARCH,candidate
TAG_ACTION_0107,counter_ready_twist,反击预备扭身,Counter-ready Twist,action,combat,L3,反击预备;扭身蓄力,counter ready twist,TRUE,TRUE,TRUE,TRUE,action_reference,false,action_reference,none,防守方扭身、蓄力，准备反击。,防守方扭身、蓄力，准备反击。,,,TAG_SYSTEM_RESEARCH,candidate
TAG_ACTION_0108,short_elbow_reentry,短肘线再入,Short Elbow Re-entry,action,strike,L3,短肘;再入,elbow re-entry,TRUE,TRUE,TRUE,TRUE,action_reference,false,action_reference,none,短距离肘线/小臂线重新切入。,短距离肘线/小臂线重新切入。,,,TAG_SYSTEM_RESEARCH,candidate
TAG_ACTION_0109,knockback,击退,Knockback,action,body_contact,L3,击退;后退,knockback,TRUE,TRUE,TRUE,TRUE,action_reference,false,action_reference,none,被打击或压迫后向后退开。,被打击或压迫后向后退开。,,,TAG_SYSTEM_RESEARCH,candidate
TAG_ACTION_0110,near_wall_pressure,近墙压迫,Near-wall Pressure,action,body_contact,L3,靠墙压迫,near wall pressure,TRUE,TRUE,TRUE,TRUE,action_reference,false,action_reference,none,靠墙形成空间危险但不发生墙体撞击。,靠墙形成空间危险但不发生墙体撞击。,,,TAG_SYSTEM_RESEARCH,candidate
TAG_ACTION_0111,body_wall_contact,身体撞墙,Body-wall Contact,action,body_contact,L3,身体撞墙;贴墙冲击,"wall contact,body wall impact",TRUE,TRUE,TRUE,TRUE,action_reference,false,action_reference,high,身体与墙体实际接触；高风险。,身体与墙体实际接触；高风险。,,,TAG_SYSTEM_RESEARCH,candidate
TAG_ACTION_0112,no_wall_contact,无撞墙,No Wall Contact,action,body_contact,L3,不撞墙,"no wall hit,no wall contact",TRUE,TRUE,TRUE,TRUE,action_reference,false,action_reference,none,明确不接触墙体，仅保留背景威胁。,明确不接触墙体，仅保留背景威胁。,,,TAG_SYSTEM_RESEARCH,candidate
TAG_ACTION_0113,two_beat_combo,双节拍连击,Two-beat Combo,action,combat,L3,两段连击,two beat combo,TRUE,TRUE,TRUE,TRUE,action_reference,false,action_reference,none,两个清晰接触节拍组成连续动作。,两个清晰接触节拍组成连续动作。,,,TAG_SYSTEM_RESEARCH,candidate
TAG_ACTION_0114,contact_beat_schedule,接触节拍表,Contact-beat Schedule,action,action_timing,L3,接触节拍,contact beat schedule,TRUE,TRUE,TRUE,TRUE,action_reference,false,action_reference,none,按时间写清每个接触点和反应。,按时间写清每个接触点和反应。,,,TAG_SYSTEM_RESEARCH,candidate
TAG_ACTION_0115,early_contact,早接触,Early Contact,action,action_timing,L3,早接触,first contact early,TRUE,TRUE,TRUE,TRUE,action_reference,false,action_reference,none,0.15–0.30s 内出现第一接触。,0.15–0.30s 内出现第一接触。,,,TAG_SYSTEM_RESEARCH,candidate
TAG_ACTION_0116,hitstop_contact,接触停顿,Hit-stop Contact,action,action_timing,L3,命中停顿,"hit-stop,hitstop",TRUE,TRUE,TRUE,TRUE,action_reference,false,action_reference,none,命中/压迫瞬间短暂停顿或冻结。,命中/压迫瞬间短暂停顿或冻结。,,,TAG_SYSTEM_RESEARCH,candidate
TAG_ACTION_0117,cut_mid_exchange,切在动作中,Cut Mid-exchange,action,action_timing,L3,切在动作中,cut mid exchange,TRUE,TRUE,TRUE,TRUE,action_reference,false,action_reference,none,镜头末尾仍在攻防中，可剪出动作尾巴。,镜头末尾仍在攻防中，可剪出动作尾巴。,,,TAG_SYSTEM_RESEARCH,candidate
TAG_ACTION_0118,no_idle_tail,无静态尾段,No Idle Tail,action,action_timing,L3,无静止尾巴,"no pose-out,no idle tail",TRUE,TRUE,TRUE,TRUE,action_reference,false,action_reference,none,尾段不站定、不摆拍。,尾段不站定、不摆拍。,,,TAG_SYSTEM_RESEARCH,candidate
TAG_ACTION_0119,weapon_draw,拔武器,Weapon Draw,action,weapon,L3,拔剑;拔刀,"draw sword,weapon draw",TRUE,TRUE,TRUE,TRUE,action_reference,false,action_reference,none,拔剑/拔刀/抽出武器动作。,拔剑/拔刀/抽出武器动作。,,,TAG_SYSTEM_RESEARCH,candidate
TAG_ACTION_0120,slash,斩击,Slash,action,weapon,L3,斩击,slash,TRUE,TRUE,TRUE,TRUE,action_reference,false,action_reference,none,横斩、斜斩或挥砍。,横斩、斜斩或挥砍。,,,TAG_SYSTEM_RESEARCH,candidate
TAG_ACTION_0121,parry,招架,Parry,action,guard_block,L3,招架;拨挡,parry,TRUE,TRUE,TRUE,TRUE,action_reference,false,action_reference,none,用武器/手臂改变来袭方向。,用武器/手臂改变来袭方向。,,,TAG_SYSTEM_RESEARCH,candidate
TAG_ACTION_0122,dodge_roll,翻滚闪避,Dodge Roll,action,dodge,L3,翻滚闪避,dodge roll,TRUE,TRUE,TRUE,TRUE,action_reference,false,action_reference,none,滚动闪避动作。,滚动闪避动作。,,,TAG_SYSTEM_RESEARCH,candidate
TAG_ACTION_0123,landing_recovery,落地恢复,Landing Recovery,action,landing,L3,落地恢复,landing recovery,TRUE,TRUE,TRUE,TRUE,action_reference,false,action_reference,none,落地后的膝盖、脚步、身体恢复。,落地后的膝盖、脚步、身体恢复。,,,TAG_SYSTEM_RESEARCH,candidate
TAG_ANIMATION_MOTION_0124,anticipation,预备动作,Anticipation,animation_motion,animation_motion,L2,,,TRUE,TRUE,TRUE,TRUE,motion_grammar,false,animation_reference,none,预备动作动画运动规律。,Anticipation,,,TAG_SYSTEM_RESEARCH,candidate
TAG_ANIMATION_MOTION_0125,follow_through,跟随动作,Follow-through,animation_motion,animation_motion,L2,,,TRUE,TRUE,TRUE,TRUE,motion_grammar,false,animation_reference,none,跟随动作动画运动规律。,Follow-through,,,TAG_SYSTEM_RESEARCH,candidate
TAG_ANIMATION_MOTION_0126,overlapping_action,重叠动作,Overlapping Action,animation_motion,animation_motion,L2,,,TRUE,TRUE,TRUE,TRUE,motion_grammar,false,animation_reference,none,重叠动作动画运动规律。,Overlapping Action,,,TAG_SYSTEM_RESEARCH,candidate
TAG_ANIMATION_MOTION_0127,slow_in_out,缓入缓出,Slow In/Out,animation_motion,animation_motion,L2,,,TRUE,TRUE,TRUE,TRUE,motion_grammar,false,animation_reference,none,缓入缓出动画运动规律。,Slow In/Out,,,TAG_SYSTEM_RESEARCH,candidate
TAG_ANIMATION_MOTION_0128,arcs,弧线,Arcs,animation_motion,animation_motion,L2,,,TRUE,TRUE,TRUE,TRUE,motion_grammar,false,animation_reference,none,弧线动画运动规律。,Arcs,,,TAG_SYSTEM_RESEARCH,candidate
TAG_ANIMATION_MOTION_0129,exaggeration,夸张,Exaggeration,animation_motion,animation_motion,L2,,,TRUE,TRUE,TRUE,TRUE,motion_grammar,false,animation_reference,none,夸张动画运动规律。,Exaggeration,,,TAG_SYSTEM_RESEARCH,candidate
TAG_ANIMATION_MOTION_0130,squash_stretch,挤压拉伸,Squash and Stretch,animation_motion,animation_motion,L2,,,TRUE,TRUE,TRUE,TRUE,motion_grammar,false,animation_reference,none,挤压拉伸动画运动规律。,Squash and Stretch,,,TAG_SYSTEM_RESEARCH,candidate
TAG_ANIMATION_MOTION_0131,staging_anim,动画舞台调度,Staging,animation_motion,animation_motion,L2,,,TRUE,TRUE,TRUE,TRUE,motion_grammar,false,animation_reference,none,动画舞台调度动画运动规律。,Staging,,,TAG_SYSTEM_RESEARCH,candidate
TAG_ANIMATION_MOTION_0132,pose_to_pose,姿势到姿势,Pose to Pose,animation_motion,animation_motion,L2,,,TRUE,TRUE,TRUE,TRUE,motion_grammar,false,animation_reference,none,姿势到姿势动画运动规律。,Pose to Pose,,,TAG_SYSTEM_RESEARCH,candidate
TAG_ANIMATION_MOTION_0133,straight_ahead,逐帧推进,Straight Ahead,animation_motion,animation_motion,L2,,,TRUE,TRUE,TRUE,TRUE,motion_grammar,false,animation_reference,none,逐帧推进动画运动规律。,Straight Ahead,,,TAG_SYSTEM_RESEARCH,candidate
TAG_ANIMATION_MOTION_0134,weapon_windup,武器前摇,Weapon Wind-up,animation_motion,anticipation,L3,,,TRUE,TRUE,TRUE,TRUE,motion_grammar,false,animation_reference,none,武器前摇。,Weapon Wind-up,,,TAG_SYSTEM_RESEARCH,candidate
TAG_ANIMATION_MOTION_0135,skill_cast_anticipation,技能释放前摇,Skill-cast Anticipation,animation_motion,anticipation,L3,,,TRUE,TRUE,TRUE,TRUE,motion_grammar,false,animation_reference,none,技能释放前摇。,Skill-cast Anticipation,,,TAG_SYSTEM_RESEARCH,candidate
TAG_ANIMATION_MOTION_0136,delayed_cloth_follow,衣摆延迟跟随,Delayed Cloth Follow,animation_motion,follow_through,L3,,,TRUE,TRUE,TRUE,TRUE,motion_grammar,false,animation_reference,none,衣摆延迟跟随。,Delayed Cloth Follow,,,TAG_SYSTEM_RESEARCH,candidate
TAG_ANIMATION_MOTION_0137,hair_overlap_motion,发丝重叠运动,Hair Overlap Motion,animation_motion,overlapping_action,L3,,,TRUE,TRUE,TRUE,TRUE,motion_grammar,false,animation_reference,none,发丝重叠运动。,Hair Overlap Motion,,,TAG_SYSTEM_RESEARCH,candidate
TAG_ANIMATION_MOTION_0138,smear_like_motion,拖影式运动,Smear-like Motion,animation_motion,exaggeration,L3,,,TRUE,TRUE,TRUE,TRUE,motion_grammar,false,animation_reference,none,拖影式运动。,Smear-like Motion,,,TAG_SYSTEM_RESEARCH,candidate
TAG_ANIMATION_MOTION_0139,explosive_pose_hold,爆发定格姿势,Explosive Pose Hold,animation_motion,pose_to_pose,L3,,,TRUE,TRUE,TRUE,TRUE,motion_grammar,false,animation_reference,none,爆发定格姿势。,Explosive Pose Hold,,,TAG_SYSTEM_RESEARCH,candidate
TAG_ANIMATION_MOTION_0140,anime_impact_pose,动漫冲击姿势,Anime Impact Pose,animation_motion,staging_anim,L3,,,TRUE,TRUE,TRUE,TRUE,motion_grammar,false,animation_reference,none,动漫冲击姿势。,Anime Impact Pose,,,TAG_SYSTEM_RESEARCH,candidate
TAG_GAME_COMBAT_TIMING_0141,startup,启动帧,Startup,game_combat_timing,game_combat_timing,L2,,,TRUE,TRUE,TRUE,TRUE,timing_reference,false,game_timing_reference,none,启动帧游戏动作时序。,Startup,,,TAG_SYSTEM_RESEARCH,candidate
TAG_GAME_COMBAT_TIMING_0142,active_frames,生效帧,Active Frames,game_combat_timing,game_combat_timing,L2,,,TRUE,TRUE,TRUE,TRUE,timing_reference,false,game_timing_reference,none,生效帧游戏动作时序。,Active Frames,,,TAG_SYSTEM_RESEARCH,candidate
TAG_GAME_COMBAT_TIMING_0143,recovery_frames,收招帧,Recovery Frames,game_combat_timing,game_combat_timing,L2,,,TRUE,TRUE,TRUE,TRUE,timing_reference,false,game_timing_reference,none,收招帧游戏动作时序。,Recovery Frames,,,TAG_SYSTEM_RESEARCH,candidate
TAG_GAME_COMBAT_TIMING_0144,hitstop,命中停顿,Hit-stop,game_combat_timing,game_combat_timing,L2,,,TRUE,TRUE,TRUE,TRUE,timing_reference,false,game_timing_reference,none,命中停顿游戏动作时序。,Hit-stop,,,TAG_SYSTEM_RESEARCH,candidate
TAG_GAME_COMBAT_TIMING_0145,hitstun,受击硬直,Hitstun,game_combat_timing,game_combat_timing,L2,,,TRUE,TRUE,TRUE,TRUE,timing_reference,false,game_timing_reference,none,受击硬直游戏动作时序。,Hitstun,,,TAG_SYSTEM_RESEARCH,candidate
TAG_GAME_COMBAT_TIMING_0146,blockstun,防御硬直,Blockstun,game_combat_timing,game_combat_timing,L2,,,TRUE,TRUE,TRUE,TRUE,timing_reference,false,game_timing_reference,none,防御硬直游戏动作时序。,Blockstun,,,TAG_SYSTEM_RESEARCH,candidate
TAG_GAME_COMBAT_TIMING_0147,i_frames,无敌帧,Invincibility Frames,game_combat_timing,game_combat_timing,L2,,,TRUE,TRUE,TRUE,TRUE,timing_reference,false,game_timing_reference,none,无敌帧游戏动作时序。,Invincibility Frames,,,TAG_SYSTEM_RESEARCH,candidate
TAG_GAME_COMBAT_TIMING_0148,punish_window,惩罚窗口,Punish Window,game_combat_timing,game_combat_timing,L2,,,TRUE,TRUE,TRUE,TRUE,timing_reference,false,game_timing_reference,none,惩罚窗口游戏动作时序。,Punish Window,,,TAG_SYSTEM_RESEARCH,candidate
TAG_GAME_COMBAT_TIMING_0149,cancel_window,取消窗口,Cancel Window,game_combat_timing,game_combat_timing,L2,,,TRUE,TRUE,TRUE,TRUE,timing_reference,false,game_timing_reference,none,取消窗口游戏动作时序。,Cancel Window,,,TAG_SYSTEM_RESEARCH,candidate
TAG_GAME_COMBAT_TIMING_0150,short_startup,短前摇,Short Startup,game_combat_timing,startup,L3,,,TRUE,TRUE,TRUE,TRUE,timing_reference,false,game_timing_reference,none,短前摇。,Short Startup,,,TAG_SYSTEM_RESEARCH,candidate
TAG_GAME_COMBAT_TIMING_0151,long_startup,长前摇,Long Startup,game_combat_timing,startup,L3,,,TRUE,TRUE,TRUE,TRUE,timing_reference,false,game_timing_reference,none,长前摇。,Long Startup,,,TAG_SYSTEM_RESEARCH,candidate
TAG_GAME_COMBAT_TIMING_0152,fast_active_window,快速生效窗口,Fast Active Window,game_combat_timing,active_frames,L3,,,TRUE,TRUE,TRUE,TRUE,timing_reference,false,game_timing_reference,none,快速生效窗口。,Fast Active Window,,,TAG_SYSTEM_RESEARCH,candidate
TAG_GAME_COMBAT_TIMING_0153,long_recovery,长后摇,Long Recovery,game_combat_timing,recovery_frames,L3,,,TRUE,TRUE,TRUE,TRUE,timing_reference,false,game_timing_reference,none,长后摇。,Long Recovery,,,TAG_SYSTEM_RESEARCH,candidate
TAG_GAME_COMBAT_TIMING_0154,impact_pause,命中冻结,Impact Pause,game_combat_timing,hitstop,L3,,,TRUE,TRUE,TRUE,TRUE,timing_reference,false,game_timing_reference,none,命中冻结。,Impact Pause,,,TAG_SYSTEM_RESEARCH,candidate
TAG_GAME_COMBAT_TIMING_0155,block_pause,防御停顿,Block Pause,game_combat_timing,blockstun,L3,,,TRUE,TRUE,TRUE,TRUE,timing_reference,false,game_timing_reference,none,防御停顿。,Block Pause,,,TAG_SYSTEM_RESEARCH,candidate
TAG_CAMERA_0156,shot_scale,景别,Shot Scale,camera,camera,L2,,,TRUE,TRUE,TRUE,TRUE,camera_reference,false,camera_reference,none,景别分类。,Shot Scale,,,TAG_SYSTEM_RESEARCH,candidate
TAG_CAMERA_0157,camera_angle,机位角度,Camera Angle,camera,camera,L2,,,TRUE,TRUE,TRUE,TRUE,camera_reference,false,camera_reference,none,机位角度分类。,Camera Angle,,,TAG_SYSTEM_RESEARCH,candidate
TAG_CAMERA_0158,camera_movement,镜头运动,Camera Movement,camera,camera,L2,,,TRUE,TRUE,TRUE,TRUE,camera_reference,false,camera_reference,none,镜头运动分类。,Camera Movement,,,TAG_SYSTEM_RESEARCH,candidate
TAG_CAMERA_0159,camera_behavior,镜头行为,Camera Behavior,camera,camera,L2,,,TRUE,TRUE,TRUE,TRUE,camera_reference,false,camera_reference,none,镜头行为分类。,Camera Behavior,,,TAG_SYSTEM_RESEARCH,candidate
TAG_CAMERA_0160,camera_risk,运镜风险,Camera Risk,camera,camera,L2,,,TRUE,TRUE,TRUE,TRUE,camera_reference,false,camera_reference,none,运镜风险分类。,Camera Risk,,,TAG_SYSTEM_RESEARCH,candidate
TAG_CAMERA_0161,extreme_long_shot,极远景,Extreme Long Shot,camera,shot_scale,L3,,,TRUE,TRUE,TRUE,TRUE,camera_reference,false,camera_reference,none,极远景景别。,Extreme Long Shot,,,TAG_SYSTEM_RESEARCH,candidate
TAG_CAMERA_0162,long_shot,远景,Long Shot,camera,shot_scale,L3,,,TRUE,TRUE,TRUE,TRUE,camera_reference,false,camera_reference,none,远景景别。,Long Shot,,,TAG_SYSTEM_RESEARCH,candidate
TAG_CAMERA_0163,medium_long_shot,中远景,Medium Long Shot,camera,shot_scale,L3,,,TRUE,TRUE,TRUE,TRUE,camera_reference,false,camera_reference,none,中远景景别。,Medium Long Shot,,,TAG_SYSTEM_RESEARCH,candidate
TAG_CAMERA_0164,medium_shot,中景,Medium Shot,camera,shot_scale,L3,,,TRUE,TRUE,TRUE,TRUE,camera_reference,false,camera_reference,none,中景景别。,Medium Shot,,,TAG_SYSTEM_RESEARCH,candidate
TAG_CAMERA_0165,medium_close_up,近中景,Medium Close-up,camera,shot_scale,L3,,,TRUE,TRUE,TRUE,TRUE,camera_reference,false,camera_reference,none,近中景景别。,Medium Close-up,,,TAG_SYSTEM_RESEARCH,candidate
TAG_CAMERA_0166,close_up,特写,Close-up,camera,shot_scale,L3,,,TRUE,TRUE,TRUE,TRUE,camera_reference,false,camera_reference,none,特写景别。,Close-up,,,TAG_SYSTEM_RESEARCH,candidate
TAG_CAMERA_0167,extreme_close_up,大特写,Extreme Close-up,camera,shot_scale,L3,,,TRUE,TRUE,TRUE,TRUE,camera_reference,false,camera_reference,none,大特写景别。,Extreme Close-up,,,TAG_SYSTEM_RESEARCH,candidate
TAG_CAMERA_0168,insert_shot,插入镜头,Insert Shot,camera,shot_scale,L3,,,TRUE,TRUE,TRUE,TRUE,camera_reference,false,camera_reference,none,插入镜头景别。,Insert Shot,,,TAG_SYSTEM_RESEARCH,candidate
TAG_CAMERA_0169,eye_level,平视,Eye Level,camera,camera_angle,L3,,,TRUE,TRUE,TRUE,TRUE,camera_reference,false,camera_reference,none,平视机位。,Eye Level,,,TAG_SYSTEM_RESEARCH,candidate
TAG_CAMERA_0170,low_angle,低机位,Low Angle,camera,camera_angle,L3,,,TRUE,TRUE,TRUE,TRUE,camera_reference,false,camera_reference,none,低机位机位。,Low Angle,,,TAG_SYSTEM_RESEARCH,candidate
TAG_CAMERA_0171,high_angle,高机位,High Angle,camera,camera_angle,L3,,,TRUE,TRUE,TRUE,TRUE,camera_reference,false,camera_reference,none,高机位机位。,High Angle,,,TAG_SYSTEM_RESEARCH,candidate
TAG_CAMERA_0172,top_down,俯拍顶视,Top-down,camera,camera_angle,L3,,,TRUE,TRUE,TRUE,TRUE,camera_reference,false,camera_reference,none,俯拍顶视机位。,Top-down,,,TAG_SYSTEM_RESEARCH,candidate
TAG_CAMERA_0173,over_shoulder,过肩,Over Shoulder,camera,camera_angle,L3,,,TRUE,TRUE,TRUE,TRUE,camera_reference,false,camera_reference,none,过肩机位。,Over Shoulder,,,TAG_SYSTEM_RESEARCH,candidate
TAG_CAMERA_0174,side_view,侧面,Side View,camera,camera_angle,L3,,,TRUE,TRUE,TRUE,TRUE,camera_reference,false,camera_reference,none,侧面机位。,Side View,,,TAG_SYSTEM_RESEARCH,candidate
TAG_CAMERA_0175,three_quarter_front,四分之三正面,Three-quarter Front,camera,camera_angle,L3,,,TRUE,TRUE,TRUE,TRUE,camera_reference,false,camera_reference,none,四分之三正面机位。,Three-quarter Front,,,TAG_SYSTEM_RESEARCH,candidate
TAG_CAMERA_0176,three_quarter_back,四分之三背面,Three-quarter Back,camera,camera_angle,L3,,,TRUE,TRUE,TRUE,TRUE,camera_reference,false,camera_reference,none,四分之三背面机位。,Three-quarter Back,,,TAG_SYSTEM_RESEARCH,candidate
TAG_CAMERA_0177,pov,主观镜头,POV,camera,camera_angle,L3,,,TRUE,TRUE,TRUE,TRUE,camera_reference,false,camera_reference,none,主观镜头机位。,POV,,,TAG_SYSTEM_RESEARCH,candidate
TAG_CAMERA_0178,static_camera,固定镜头,Static Camera,camera,camera_movement,L3,,,TRUE,TRUE,TRUE,TRUE,camera_reference,false,camera_reference,none,固定镜头运镜。,Static Camera,,,TAG_SYSTEM_RESEARCH,candidate
TAG_CAMERA_0179,slow_push_in,慢推,Slow Push-in,camera,camera_movement,L3,,,TRUE,TRUE,TRUE,TRUE,camera_reference,false,camera_reference,none,慢推运镜。,Slow Push-in,,,TAG_SYSTEM_RESEARCH,candidate
TAG_CAMERA_0180,dolly_out,拉远,Dolly Out,camera,camera_movement,L3,,,TRUE,TRUE,TRUE,TRUE,camera_reference,false,camera_reference,none,拉远运镜。,Dolly Out,,,TAG_SYSTEM_RESEARCH,candidate
TAG_CAMERA_0181,lateral_dolly,横移,Lateral Dolly,camera,camera_movement,L3,,,TRUE,TRUE,TRUE,TRUE,camera_reference,false,camera_reference,none,横移运镜。,Lateral Dolly,,,TAG_SYSTEM_RESEARCH,candidate
TAG_CAMERA_0182,tracking_shot,跟拍,Tracking Shot,camera,camera_movement,L3,,,TRUE,TRUE,TRUE,TRUE,camera_reference,false,camera_reference,none,跟拍运镜。,Tracking Shot,,,TAG_SYSTEM_RESEARCH,candidate
TAG_CAMERA_0183,handheld,手持,Handheld,camera,camera_movement,L3,,,TRUE,TRUE,TRUE,TRUE,camera_reference,false,camera_reference,none,手持运镜。,Handheld,,,TAG_SYSTEM_RESEARCH,candidate
TAG_CAMERA_0184,orbit,环绕,Orbit,camera,camera_movement,L3,,,TRUE,TRUE,TRUE,TRUE,camera_reference,false,camera_reference,none,环绕运镜。,Orbit,,,TAG_SYSTEM_RESEARCH,candidate
TAG_CAMERA_0185,short_orbit_60deg,60度短环绕,Short 60-degree Orbit,camera,camera_movement,L3,,,TRUE,TRUE,TRUE,TRUE,camera_reference,false,camera_reference,none,60度短环绕运镜。,Short 60-degree Orbit,,,TAG_SYSTEM_RESEARCH,candidate
TAG_CAMERA_0186,crane_up,升降揭示,Crane-up Reveal,camera,camera_movement,L3,,,TRUE,TRUE,TRUE,TRUE,camera_reference,false,camera_reference,none,升降揭示运镜。,Crane-up Reveal,,,TAG_SYSTEM_RESEARCH,candidate
TAG_CAMERA_0187,whip_pan,鞭甩,Whip Pan,camera,camera_movement,L3,,,TRUE,TRUE,TRUE,TRUE,camera_reference,false,camera_reference,none,鞭甩运镜。,Whip Pan,,,TAG_SYSTEM_RESEARCH,candidate
TAG_CAMERA_0188,speed_ramp_push_stop,变速推进停顿,Speed-ramp Push Stop,camera,camera_movement,L3,,,TRUE,TRUE,TRUE,TRUE,camera_reference,false,camera_reference,none,变速推进停顿运镜。,Speed-ramp Push Stop,,,TAG_SYSTEM_RESEARCH,candidate
TAG_CAMERA_0189,camera_shake_motion,镜头震动,Camera Shake,camera,camera_movement,L3,,,TRUE,TRUE,TRUE,TRUE,camera_reference,false,camera_reference,none,镜头震动运镜。,Camera Shake,,,TAG_SYSTEM_RESEARCH,candidate
TAG_CAMERA_0190,low_angle_forward_tracking,低机位前跟,Low-angle Forward Tracking,camera,camera_movement,L3,,,TRUE,TRUE,TRUE,TRUE,camera_reference,false,camera_reference,none,低机位前跟运镜。,Low-angle Forward Tracking,,,TAG_SYSTEM_RESEARCH,candidate
TAG_CAMERA_0191,corridor_pass_through,穿廊推进,Corridor Pass-through,camera,camera_movement,L3,,,TRUE,TRUE,TRUE,TRUE,camera_reference,false,camera_reference,none,穿廊推进运镜。,Corridor Pass-through,,,TAG_SYSTEM_RESEARCH,candidate
TAG_CAMERA_0192,fall_impact_camera,坠落冲击镜头,Fall-impact Camera,camera,camera_movement,L3,,,TRUE,TRUE,TRUE,TRUE,camera_reference,false,camera_reference,none,坠落冲击镜头运镜。,Fall-impact Camera,,,TAG_SYSTEM_RESEARCH,candidate
TAG_CAMERA_0193,complex_camera,复杂运镜,Complex Camera,camera,camera_risk,L3,,,TRUE,TRUE,TRUE,TRUE,camera_risk,false,risk_filter,medium,复杂运镜，默认高复杂度。,Complex Camera,,,TAG_SYSTEM_RESEARCH,candidate
TAG_CAMERA_0194,fast_orbit,快速环绕,Fast Orbit,camera,camera_risk,L3,,,TRUE,TRUE,TRUE,TRUE,camera_risk,false,risk_filter,medium,快速环绕，默认高复杂度。,Fast Orbit,,,TAG_SYSTEM_RESEARCH,candidate
TAG_CAMERA_0195,strict_top_down,严格垂直俯拍,Strict Top-down,camera,camera_risk,L3,,,TRUE,TRUE,TRUE,TRUE,camera_risk,false,risk_filter,medium,严格垂直俯拍，默认高复杂度。,Strict Top-down,,,TAG_SYSTEM_RESEARCH,candidate
TAG_CAMERA_0196,one_take,一镜到底,One Take,camera,camera_risk,L3,,,TRUE,TRUE,TRUE,TRUE,camera_risk,false,risk_filter,medium,一镜到底，默认高复杂度。,One Take,,,TAG_SYSTEM_RESEARCH,candidate
TAG_CAMERA_0197,multi_move_camera,多重运镜,Multi-move Camera,camera,camera_risk,L3,,,TRUE,TRUE,TRUE,TRUE,camera_risk,false,risk_filter,medium,多重运镜，默认高复杂度。,Multi-move Camera,,,TAG_SYSTEM_RESEARCH,candidate
TAG_COMPOSITION_BLOCKING_0198,space_type,空间类型,Space Type,composition_blocking,composition_blocking,L2,,,TRUE,TRUE,TRUE,TRUE,composition_reference,false,composition_reference,none,空间类型。,Space Type,,,TAG_SYSTEM_RESEARCH,candidate
TAG_COMPOSITION_BLOCKING_0199,blocking,空间调度,Blocking,composition_blocking,composition_blocking,L2,,,TRUE,TRUE,TRUE,TRUE,composition_reference,false,composition_reference,none,空间调度。,Blocking,,,TAG_SYSTEM_RESEARCH,candidate
TAG_COMPOSITION_BLOCKING_0200,subject_relation,主体关系,Subject Relation,composition_blocking,composition_blocking,L2,,,TRUE,TRUE,TRUE,TRUE,composition_reference,false,composition_reference,none,主体关系。,Subject Relation,,,TAG_SYSTEM_RESEARCH,candidate
TAG_COMPOSITION_BLOCKING_0201,spatial_risk,空间风险,Spatial Risk,composition_blocking,composition_blocking,L2,,,TRUE,TRUE,TRUE,TRUE,composition_reference,false,composition_reference,none,空间风险。,Spatial Risk,,,TAG_SYSTEM_RESEARCH,candidate
TAG_COMPOSITION_BLOCKING_0202,composition_rule,构图规则,Composition Rule,composition_blocking,composition_blocking,L2,,,TRUE,TRUE,TRUE,TRUE,composition_reference,false,composition_reference,none,构图规则。,Composition Rule,,,TAG_SYSTEM_RESEARCH,candidate
TAG_COMPOSITION_BLOCKING_0203,corridor,走廊,Corridor,composition_blocking,space_type,L3,,,TRUE,TRUE,TRUE,TRUE,composition_reference,false,composition_reference,none,走廊空间/构图标签。,Corridor,,,TAG_SYSTEM_RESEARCH,candidate
TAG_COMPOSITION_BLOCKING_0204,courtyard,庭院,Courtyard,composition_blocking,space_type,L3,,,TRUE,TRUE,TRUE,TRUE,composition_reference,false,composition_reference,none,庭院空间/构图标签。,Courtyard,,,TAG_SYSTEM_RESEARCH,candidate
TAG_COMPOSITION_BLOCKING_0205,room,房间,Room,composition_blocking,space_type,L3,,,TRUE,TRUE,TRUE,TRUE,composition_reference,false,composition_reference,none,房间空间/构图标签。,Room,,,TAG_SYSTEM_RESEARCH,candidate
TAG_COMPOSITION_BLOCKING_0206,street,街道,Street,composition_blocking,space_type,L3,,,TRUE,TRUE,TRUE,TRUE,composition_reference,false,composition_reference,none,街道空间/构图标签。,Street,,,TAG_SYSTEM_RESEARCH,candidate
TAG_COMPOSITION_BLOCKING_0207,forest,森林,Forest,composition_blocking,space_type,L3,,,TRUE,TRUE,TRUE,TRUE,composition_reference,false,composition_reference,none,森林空间/构图标签。,Forest,,,TAG_SYSTEM_RESEARCH,candidate
TAG_COMPOSITION_BLOCKING_0208,stage,舞台,Stage,composition_blocking,space_type,L3,,,TRUE,TRUE,TRUE,TRUE,composition_reference,false,composition_reference,none,舞台空间/构图标签。,Stage,,,TAG_SYSTEM_RESEARCH,candidate
TAG_COMPOSITION_BLOCKING_0209,arena,竞技场,Arena,composition_blocking,space_type,L3,,,TRUE,TRUE,TRUE,TRUE,composition_reference,false,composition_reference,none,竞技场空间/构图标签。,Arena,,,TAG_SYSTEM_RESEARCH,candidate
TAG_COMPOSITION_BLOCKING_0210,bridge,桥,Bridge,composition_blocking,space_type,L3,,,TRUE,TRUE,TRUE,TRUE,composition_reference,false,composition_reference,none,桥空间/构图标签。,Bridge,,,TAG_SYSTEM_RESEARCH,candidate
TAG_COMPOSITION_BLOCKING_0211,stair,楼梯/台阶,Stair,composition_blocking,space_type,L3,,,TRUE,TRUE,TRUE,TRUE,composition_reference,false,composition_reference,none,楼梯/台阶空间/构图标签。,Stair,,,TAG_SYSTEM_RESEARCH,candidate
TAG_COMPOSITION_BLOCKING_0212,doorway,门框,Doorway,composition_blocking,space_type,L3,,,TRUE,TRUE,TRUE,TRUE,composition_reference,false,composition_reference,none,门框空间/构图标签。,Doorway,,,TAG_SYSTEM_RESEARCH,candidate
TAG_COMPOSITION_BLOCKING_0213,wall_side,墙边,Wall Side,composition_blocking,space_type,L3,,,TRUE,TRUE,TRUE,TRUE,composition_reference,false,composition_reference,none,墙边空间/构图标签。,Wall Side,,,TAG_SYSTEM_RESEARCH,candidate
TAG_COMPOSITION_BLOCKING_0214,near_wall,靠墙,Near Wall,composition_blocking,space_type,L3,,,TRUE,TRUE,TRUE,TRUE,composition_reference,false,composition_reference,none,靠墙空间/构图标签。,Near Wall,,,TAG_SYSTEM_RESEARCH,candidate
TAG_COMPOSITION_BLOCKING_0215,wide_empty_foreground,大面积空前景,Wide Empty Foreground,composition_blocking,space_type,L3,,,TRUE,TRUE,TRUE,TRUE,composition_reference,false,composition_reference,none,大面积空前景空间/构图标签。,Wide Empty Foreground,,,TAG_SYSTEM_RESEARCH,candidate
TAG_COMPOSITION_BLOCKING_0216,foreground_obstruction,前景遮挡,Foreground Obstruction,composition_blocking,space_type,L3,,,TRUE,TRUE,TRUE,TRUE,composition_reference,false,composition_reference,none,前景遮挡空间/构图标签。,Foreground Obstruction,,,TAG_SYSTEM_RESEARCH,candidate
TAG_COMPOSITION_BLOCKING_0217,two_character_close,双人近身,Two-character Close,composition_blocking,blocking,L3,,,TRUE,TRUE,TRUE,TRUE,composition_reference,false,composition_reference,none,双人近身。,Two-character Close,,,TAG_SYSTEM_RESEARCH,candidate
TAG_COMPOSITION_BLOCKING_0218,two_character_far,双人远景,Two-character Far,composition_blocking,blocking,L3,,,TRUE,TRUE,TRUE,TRUE,composition_reference,false,composition_reference,none,双人远景。,Two-character Far,,,TAG_SYSTEM_RESEARCH,candidate
TAG_COMPOSITION_BLOCKING_0219,left_right_standoff,左右对峙,Left-right Standoff,composition_blocking,blocking,L3,,,TRUE,TRUE,TRUE,TRUE,composition_reference,false,composition_reference,none,左右对峙。,Left-right Standoff,,,TAG_SYSTEM_RESEARCH,candidate
TAG_COMPOSITION_BLOCKING_0220,foreground_subject,前景主体,Foreground Subject,composition_blocking,blocking,L3,,,TRUE,TRUE,TRUE,TRUE,composition_reference,false,composition_reference,none,前景主体。,Foreground Subject,,,TAG_SYSTEM_RESEARCH,candidate
TAG_COMPOSITION_BLOCKING_0221,background_target,背景目标,Background Target,composition_blocking,blocking,L3,,,TRUE,TRUE,TRUE,TRUE,composition_reference,false,composition_reference,none,背景目标。,Background Target,,,TAG_SYSTEM_RESEARCH,candidate
TAG_COMPOSITION_BLOCKING_0222,near_far_contrast,近远对比,Near-far Contrast,composition_blocking,blocking,L3,,,TRUE,TRUE,TRUE,TRUE,composition_reference,false,composition_reference,none,近远对比。,Near-far Contrast,,,TAG_SYSTEM_RESEARCH,candidate
TAG_COMPOSITION_BLOCKING_0223,center_axis,中轴,Center Axis,composition_blocking,blocking,L3,,,TRUE,TRUE,TRUE,TRUE,composition_reference,false,composition_reference,none,中轴。,Center Axis,,,TAG_SYSTEM_RESEARCH,candidate
TAG_COMPOSITION_BLOCKING_0224,off_center_pressure,偏心压迫构图,Off-center Pressure,composition_blocking,blocking,L3,,,TRUE,TRUE,TRUE,TRUE,composition_reference,false,composition_reference,none,偏心压迫构图。,Off-center Pressure,,,TAG_SYSTEM_RESEARCH,candidate
TAG_COMPOSITION_BLOCKING_0225,foot_anchor,脚下落点锚定,Foot Anchor,composition_blocking,blocking,L3,,,TRUE,TRUE,TRUE,TRUE,composition_reference,false,composition_reference,none,脚下落点锚定。,Foot Anchor,,,TAG_SYSTEM_RESEARCH,candidate
TAG_COMPOSITION_BLOCKING_0226,separate_stance_and_gaze,站位朝向分离,Separate Stance and Gaze,composition_blocking,blocking,L3,,,TRUE,TRUE,TRUE,TRUE,composition_reference,false,composition_reference,none,站位朝向分离。,Separate Stance and Gaze,,,TAG_SYSTEM_RESEARCH,candidate
TAG_COMPOSITION_BLOCKING_0227,face_fusion_risk,脸部融合风险,Face Fusion Risk,composition_blocking,spatial_risk,L3,,,TRUE,TRUE,TRUE,TRUE,composition_risk,false,risk_filter,medium,脸部融合风险。,Face Fusion Risk,,,TAG_SYSTEM_RESEARCH,candidate
TAG_COMPOSITION_BLOCKING_0228,edge_stick_risk,贴边风险,Edge Stick Risk,composition_blocking,spatial_risk,L3,,,TRUE,TRUE,TRUE,TRUE,composition_risk,false,risk_filter,medium,贴边风险。,Edge Stick Risk,,,TAG_SYSTEM_RESEARCH,candidate
TAG_COMPOSITION_BLOCKING_0229,wrong_depth_risk,纵深错误风险,Wrong Depth Risk,composition_blocking,spatial_risk,L3,,,TRUE,TRUE,TRUE,TRUE,composition_risk,false,risk_filter,medium,纵深错误风险。,Wrong Depth Risk,,,TAG_SYSTEM_RESEARCH,candidate
TAG_COMPOSITION_BLOCKING_0230,background_anchor_weak,背景锚点弱,Weak Background Anchor,composition_blocking,spatial_risk,L3,,,TRUE,TRUE,TRUE,TRUE,composition_risk,false,risk_filter,medium,背景锚点弱。,Weak Background Anchor,,,TAG_SYSTEM_RESEARCH,candidate
TAG_COMPOSITION_BLOCKING_0231,too_many_subjects,主体过多,Too Many Subjects,composition_blocking,spatial_risk,L3,,,TRUE,TRUE,TRUE,TRUE,composition_risk,false,risk_filter,medium,主体过多。,Too Many Subjects,,,TAG_SYSTEM_RESEARCH,candidate
TAG_COMPOSITION_BLOCKING_0232,reference_attention_conflict_spatial,空间参考注意力冲突,Spatial Reference Attention Conflict,composition_blocking,spatial_risk,L3,,,TRUE,TRUE,TRUE,TRUE,composition_risk,false,risk_filter,medium,空间参考注意力冲突。,Spatial Reference Attention Conflict,,,TAG_SYSTEM_RESEARCH,candidate
TAG_COMPOSITION_BLOCKING_0233,rule_of_thirds,三分法,Rule of Thirds,composition_blocking,composition_rule,L3,,,TRUE,TRUE,TRUE,TRUE,composition_reference,false,composition_reference,none,三分法必须转译为可见空间关系。,Rule of Thirds; must be translated into visible spatial relations.,,,TAG_SYSTEM_RESEARCH,candidate
TAG_COMPOSITION_BLOCKING_0234,leading_lines,引导线,Leading Lines,composition_blocking,composition_rule,L3,,,TRUE,TRUE,TRUE,TRUE,composition_reference,false,composition_reference,none,引导线必须转译为可见空间关系。,Leading Lines; must be translated into visible spatial relations.,,,TAG_SYSTEM_RESEARCH,candidate
TAG_COMPOSITION_BLOCKING_0235,symmetry,对称构图,Symmetry,composition_blocking,composition_rule,L3,,,TRUE,TRUE,TRUE,TRUE,composition_reference,false,composition_reference,none,对称构图必须转译为可见空间关系。,Symmetry; must be translated into visible spatial relations.,,,TAG_SYSTEM_RESEARCH,candidate
TAG_COMPOSITION_BLOCKING_0236,negative_space,负空间,Negative Space,composition_blocking,composition_rule,L3,,,TRUE,TRUE,TRUE,TRUE,composition_reference,false,composition_reference,none,负空间必须转译为可见空间关系。,Negative Space; must be translated into visible spatial relations.,,,TAG_SYSTEM_RESEARCH,candidate
TAG_COMPOSITION_BLOCKING_0237,diagonal_composition,对角线构图,Diagonal Composition,composition_blocking,composition_rule,L3,,,TRUE,TRUE,TRUE,TRUE,composition_reference,false,composition_reference,none,对角线构图必须转译为可见空间关系。,Diagonal Composition; must be translated into visible spatial relations.,,,TAG_SYSTEM_RESEARCH,candidate
TAG_COMPOSITION_BLOCKING_0238,repeating_rhythm,重复韵律,Repeating Rhythm,composition_blocking,composition_rule,L3,,,TRUE,TRUE,TRUE,TRUE,composition_reference,false,composition_reference,none,重复韵律必须转译为可见空间关系。,Repeating Rhythm; must be translated into visible spatial relations.,,,TAG_SYSTEM_RESEARCH,candidate
TAG_FX_POST_0239,impact_feedback,打击反馈,Impact Feedback,fx_post,fx_post,L2,,,TRUE,TRUE,TRUE,TRUE,fx_reference,false,fx_reference,none,打击反馈。,Impact Feedback,,,FX_POST_RESEARCH,candidate
TAG_FX_POST_0240,motion_depiction,运动表现,Motion Depiction,fx_post,fx_post,L2,,,TRUE,TRUE,TRUE,TRUE,fx_reference,false,fx_reference,none,运动表现。,Motion Depiction,,,FX_POST_RESEARCH,candidate
TAG_FX_POST_0241,particle_env,粒子环境反馈,Particle / Environment,fx_post,fx_post,L2,,,TRUE,TRUE,TRUE,TRUE,fx_reference,false,fx_reference,none,粒子环境反馈。,Particle / Environment,,,FX_POST_RESEARCH,candidate
TAG_FX_POST_0242,transition_packaging,转场包装,Transition Packaging,fx_post,fx_post,L2,,,TRUE,TRUE,TRUE,TRUE,fx_reference,false,fx_reference,none,转场包装。,Transition Packaging,,,FX_POST_RESEARCH,candidate
TAG_FX_POST_0243,graphic_overlay,图文包装,Graphic Overlay,fx_post,fx_post,L2,,,TRUE,TRUE,TRUE,TRUE,fx_reference,false,fx_reference,none,图文包装。,Graphic Overlay,,,FX_POST_RESEARCH,candidate
TAG_FX_POST_0244,composite_replacement,合成替换,Composite Replacement,fx_post,fx_post,L2,,,TRUE,TRUE,TRUE,TRUE,fx_reference,false,fx_reference,none,合成替换。,Composite Replacement,,,FX_POST_RESEARCH,candidate
TAG_FX_POST_0245,fx_execution_mode,特效执行方式,FX Execution Mode,fx_post,fx_post,L2,,,TRUE,TRUE,TRUE,TRUE,fx_reference,false,fx_reference,none,特效执行方式。,FX Execution Mode,,,FX_POST_RESEARCH,candidate
TAG_FX_POST_0246,generate_inside_model,模型内生成,Generate Inside Model,fx_post,fx_execution_mode,L3,,,TRUE,TRUE,TRUE,TRUE,generate_inside_model,maybe,fx_reference,low,模型应直接生成场景内物理现象。,模型应直接生成场景内物理现象。,,,FX_POST_RESEARCH,candidate
TAG_FX_POST_0247,generate_plus_post,生成后后期增强,Generate Plus Post,fx_post,fx_execution_mode,L3,,,TRUE,TRUE,TRUE,TRUE,generate_plus_post,maybe,fx_reference,low,模型生成基础现象，后期增强节奏/强度。,模型生成基础现象，后期增强节奏/强度。,,,FX_POST_RESEARCH,candidate
TAG_FX_POST_0248,post_only,仅后期制作,Post Only,fx_post,fx_execution_mode,L3,,,TRUE,TRUE,TRUE,TRUE,post_only,false,post_plan,none,文字、logo、HUD、排版、屏幕替换等优先后期。,文字、logo、HUD、排版、屏幕替换等优先后期。,,,FX_POST_RESEARCH,candidate
TAG_FX_POST_0249,editing_reference_only_fx,仅剪辑参考,Editing Reference Only,fx_post,fx_execution_mode,L3,,,TRUE,TRUE,TRUE,TRUE,editing_reference_only,false,editing_reference,none,只参考切点、节奏、变速和卡点。,只参考切点、节奏、变速和卡点。,,,FX_POST_RESEARCH,candidate
TAG_FX_POST_0250,review_standard_only_fx,仅审片标准,Review Standard Only,fx_post,fx_execution_mode,L3,,,TRUE,TRUE,TRUE,TRUE,review_standard_only,false,review_standard,none,只用于评价生成结果。,只用于评价生成结果。,,,FX_POST_RESEARCH,candidate
TAG_FX_POST_0251,white_flash,白闪,White Flash,fx_post,impact_feedback,L3,闪白;冲击闪,"impact flash,flash white",TRUE,TRUE,TRUE,TRUE,generate_plus_post,maybe,fx_reference,none,白闪特效/后期标签。,White Flash,,,FX_POST_RESEARCH,candidate
TAG_FX_POST_0252,black_flash,黑闪,Black Flash,fx_post,impact_feedback,L3,黑帧闪,black flash,TRUE,TRUE,TRUE,TRUE,generate_plus_post,maybe,fx_reference,none,黑闪特效/后期标签。,Black Flash,,,FX_POST_RESEARCH,candidate
TAG_FX_POST_0253,color_flash,色闪,Color Flash,fx_post,impact_feedback,L3,彩色闪,color flash,TRUE,TRUE,TRUE,TRUE,generate_plus_post,maybe,fx_reference,none,色闪特效/后期标签。,Color Flash,,,FX_POST_RESEARCH,candidate
TAG_FX_POST_0254,invert_flash,反相闪,Invert Flash,fx_post,impact_feedback,L3,反相冲击,inversion flash,TRUE,TRUE,TRUE,TRUE,generate_plus_post,maybe,fx_reference,none,反相闪特效/后期标签。,Invert Flash,,,FX_POST_RESEARCH,candidate
TAG_FX_POST_0255,impact_frame,冲击帧,Impact Frame,fx_post,impact_feedback,L3,冲击定格,impact frame,TRUE,TRUE,TRUE,TRUE,generate_plus_post,maybe,fx_reference,none,冲击帧特效/后期标签。,Impact Frame,,,FX_POST_RESEARCH,candidate
TAG_FX_POST_0256,micro_jitter,微抖,Micro Jitter,fx_post,impact_feedback,L3,微震,micro jitter,TRUE,TRUE,TRUE,TRUE,generate_plus_post,maybe,fx_reference,none,微抖特效/后期标签。,Micro Jitter,,,FX_POST_RESEARCH,candidate
TAG_FX_POST_0257,shock_ripple,冲击波纹,Shock Ripple,fx_post,impact_feedback,L3,冲击波纹,"shock ripple,radial ripple",TRUE,TRUE,TRUE,TRUE,generate_plus_post,maybe,fx_reference,none,冲击波纹特效/后期标签。,Shock Ripple,,,FX_POST_RESEARCH,candidate
TAG_FX_POST_0258,motion_blur,运动模糊,Motion Blur,fx_post,motion_depiction,L3,动态模糊,motion blur,TRUE,TRUE,TRUE,TRUE,generate_plus_post,maybe,fx_reference,none,运动模糊特效/后期标签。,Motion Blur,,,FX_POST_RESEARCH,candidate
TAG_FX_POST_0259,directional_blur,方向模糊,Directional Blur,fx_post,motion_depiction,L3,方向性模糊,directional blur,TRUE,TRUE,TRUE,TRUE,generate_plus_post,maybe,fx_reference,none,方向模糊特效/后期标签。,Directional Blur,,,FX_POST_RESEARCH,candidate
TAG_FX_POST_0260,afterimage,残影,Afterimage,fx_post,motion_depiction,L3,残影;拖影,"afterimage,ghost trail",TRUE,TRUE,TRUE,TRUE,generate_plus_post,maybe,fx_reference,none,残影特效/后期标签。,Afterimage,,,FX_POST_RESEARCH,candidate
TAG_FX_POST_0261,ghosting,鬼影,Ghosting,fx_post,motion_depiction,L3,鬼影,ghosting,TRUE,TRUE,TRUE,TRUE,generate_plus_post,maybe,fx_reference,none,鬼影特效/后期标签。,Ghosting,,,FX_POST_RESEARCH,candidate
TAG_FX_POST_0262,speed_line,速度线,Speed Line,fx_post,motion_depiction,L3,速度线,"speed lines,manga streaks",TRUE,TRUE,TRUE,TRUE,post_only,false,post_plan,medium,速度线特效/后期标签。,Speed Line,,,FX_POST_RESEARCH,candidate
TAG_FX_POST_0263,anime_impact_frame,动漫冲击帧,Anime Impact Frame,fx_post,motion_depiction,L3,动漫冲击,anime impact frame,TRUE,TRUE,TRUE,TRUE,post_only,false,post_plan,medium,动漫冲击帧特效/后期标签。,Anime Impact Frame,,,FX_POST_RESEARCH,candidate
TAG_FX_POST_0264,dust_burst,尘爆,Dust Burst,fx_post,particle_env,L3,扬尘;尘爆,dust burst,TRUE,TRUE,TRUE,TRUE,generate_inside_model,maybe,fx_reference,none,尘爆特效/后期标签。,Dust Burst,,,FX_POST_RESEARCH,candidate
TAG_FX_POST_0265,debris_burst,碎屑爆散,Debris Burst,fx_post,particle_env,L3,碎屑;破片,"debris burst,fragments",TRUE,TRUE,TRUE,TRUE,generate_inside_model,maybe,fx_reference,none,碎屑爆散特效/后期标签。,Debris Burst,,,FX_POST_RESEARCH,candidate
TAG_FX_POST_0266,rain_splash,雨水飞溅,Rain Splash,fx_post,particle_env,L3,雨水反馈;水花,"rain splash,rain spray",TRUE,TRUE,TRUE,TRUE,generate_inside_model,maybe,fx_reference,none,雨水飞溅特效/后期标签。,Rain Splash,,,FX_POST_RESEARCH,candidate
TAG_FX_POST_0267,water_spray,水雾喷溅,Water Spray,fx_post,particle_env,L3,水雾,water spray,TRUE,TRUE,TRUE,TRUE,generate_inside_model,maybe,fx_reference,none,水雾喷溅特效/后期标签。,Water Spray,,,FX_POST_RESEARCH,candidate
TAG_FX_POST_0268,spark_shower,火花飞溅,Spark Shower,fx_post,particle_env,L3,火花,"spark shower,sparks",TRUE,TRUE,TRUE,TRUE,generate_plus_post,maybe,fx_reference,none,火花飞溅特效/后期标签。,Spark Shower,,,FX_POST_RESEARCH,candidate
TAG_FX_POST_0269,smoke_plume,烟羽,Smoke Plume,fx_post,particle_env,L3,烟雾柱,smoke plume,TRUE,TRUE,TRUE,TRUE,generate_inside_model,maybe,fx_reference,none,烟羽特效/后期标签。,Smoke Plume,,,FX_POST_RESEARCH,candidate
TAG_FX_POST_0270,ember_fall,余烬飘落,Ember Fall,fx_post,particle_env,L3,余烬,embers,TRUE,TRUE,TRUE,TRUE,generate_inside_model,maybe,fx_reference,none,余烬飘落特效/后期标签。,Ember Fall,,,FX_POST_RESEARCH,candidate
TAG_FX_POST_0271,energy_trail,能量拖尾,Energy Trail,fx_post,particle_env,L3,能量尾迹,energy trail,TRUE,TRUE,TRUE,TRUE,generate_plus_post,maybe,fx_reference,none,能量拖尾特效/后期标签。,Energy Trail,,,FX_POST_RESEARCH,candidate
TAG_FX_POST_0272,glow_trail,发光拖尾,Glow Trail,fx_post,particle_env,L3,光拖尾,glow trail,TRUE,TRUE,TRUE,TRUE,generate_plus_post,maybe,fx_reference,none,发光拖尾特效/后期标签。,Glow Trail,,,FX_POST_RESEARCH,candidate
TAG_FX_POST_0273,mask_transition,遮罩转场,Mask Transition,fx_post,transition_packaging,L3,遮罩转场,mask transition,TRUE,TRUE,TRUE,TRUE,post_only,false,post_plan,medium,遮罩转场特效/后期标签。,Mask Transition,,,FX_POST_RESEARCH,candidate
TAG_FX_POST_0274,glitch_transition,故障转场,Glitch Transition,fx_post,transition_packaging,L3,故障闪烁,glitch,TRUE,TRUE,TRUE,TRUE,post_only,false,post_plan,medium,故障转场特效/后期标签。,Glitch Transition,,,FX_POST_RESEARCH,candidate
TAG_FX_POST_0275,light_leak,漏光,Light Leak,fx_post,transition_packaging,L3,漏光,light leak,TRUE,TRUE,TRUE,TRUE,post_only,false,post_plan,medium,漏光特效/后期标签。,Light Leak,,,FX_POST_RESEARCH,candidate
TAG_FX_POST_0276,lens_flare,镜头光斑,Lens Flare,fx_post,transition_packaging,L3,镜头眩光,lens flare,TRUE,TRUE,TRUE,TRUE,post_only,false,post_plan,medium,镜头光斑特效/后期标签。,Lens Flare,,,FX_POST_RESEARCH,candidate
TAG_FX_POST_0277,film_burn,胶片灼烧,Film Burn,fx_post,transition_packaging,L3,胶片烧灼,film burn,TRUE,TRUE,TRUE,TRUE,post_only,false,post_plan,medium,胶片灼烧特效/后期标签。,Film Burn,,,FX_POST_RESEARCH,candidate
TAG_FX_POST_0278,wipe_transition,擦除转场,Wipe Transition,fx_post,transition_packaging,L3,擦除,wipe,TRUE,TRUE,TRUE,TRUE,post_only,false,post_plan,medium,擦除转场特效/后期标签。,Wipe Transition,,,FX_POST_RESEARCH,candidate
TAG_FX_POST_0279,split_screen,分屏,Split Screen,fx_post,transition_packaging,L3,分屏,split screen,TRUE,TRUE,TRUE,TRUE,post_only,false,post_plan,medium,分屏特效/后期标签。,Split Screen,,,FX_POST_RESEARCH,candidate
TAG_FX_POST_0280,hud_overlay,HUD叠加,HUD Overlay,fx_post,graphic_overlay,L3,HUD;游戏界面,"hud,heads up display",TRUE,TRUE,TRUE,TRUE,post_only,false,post_plan,medium,HUD叠加特效/后期标签。,HUD Overlay,,,FX_POST_RESEARCH,candidate
TAG_FX_POST_0281,ui_overlay,UI叠加,UI Overlay,fx_post,graphic_overlay,L3,UI界面,ui overlay,TRUE,TRUE,TRUE,TRUE,post_only,false,post_plan,medium,UI叠加特效/后期标签。,UI Overlay,,,FX_POST_RESEARCH,candidate
TAG_FX_POST_0282,logo_reveal,Logo揭示,Logo Reveal,fx_post,graphic_overlay,L3,logo展示,logo reveal,TRUE,TRUE,TRUE,TRUE,post_only,false,post_plan,medium,Logo揭示特效/后期标签。,Logo Reveal,,,FX_POST_RESEARCH,candidate
TAG_FX_POST_0283,typography_animation,文字动画,Typography Animation,fx_post,graphic_overlay,L3,文字包装,"kinetic type,animated title",TRUE,TRUE,TRUE,TRUE,post_only,false,post_plan,medium,文字动画特效/后期标签。,Typography Animation,,,FX_POST_RESEARCH,candidate
TAG_FX_POST_0284,lower_third,下三分之一标题,Lower Third,fx_post,graphic_overlay,L3,下三分之一,lower third,TRUE,TRUE,TRUE,TRUE,post_only,false,post_plan,medium,下三分之一标题特效/后期标签。,Lower Third,,,FX_POST_RESEARCH,candidate
TAG_FX_POST_0285,callout,标注气泡,Callout,fx_post,graphic_overlay,L3,标注;提示框,"callout,annotation",TRUE,TRUE,TRUE,TRUE,post_only,false,post_plan,medium,标注气泡特效/后期标签。,Callout,,,FX_POST_RESEARCH,candidate
TAG_FX_POST_0286,screen_replacement,屏幕替换,Screen Replacement,fx_post,composite_replacement,L3,屏幕替换,screen replacement,TRUE,TRUE,TRUE,TRUE,post_only,false,post_plan,medium,屏幕替换特效/后期标签。,Screen Replacement,,,FX_POST_RESEARCH,candidate
TAG_FX_POST_0287,tracked_matte,跟踪遮罩,Tracked Matte,fx_post,composite_replacement,L3,跟踪蒙版,"tracked matte,object matte",TRUE,TRUE,TRUE,TRUE,post_only,false,post_plan,medium,跟踪遮罩特效/后期标签。,Tracked Matte,,,FX_POST_RESEARCH,candidate
TAG_EDITING_RHYTHM_0288,cut_type,剪辑类型,Cut Type,editing_rhythm,editing_rhythm,L2,,,TRUE,TRUE,TRUE,TRUE,editing_reference,false,editing_reference,none,剪辑类型。,Cut Type,,,FX_POST_RESEARCH,candidate
TAG_EDITING_RHYTHM_0289,tempo,速度节奏,Tempo,editing_rhythm,editing_rhythm,L2,,,TRUE,TRUE,TRUE,TRUE,editing_reference,false,editing_reference,none,速度节奏。,Tempo,,,FX_POST_RESEARCH,candidate
TAG_EDITING_RHYTHM_0290,timing_pattern,节奏模式,Timing Pattern,editing_rhythm,editing_rhythm,L2,,,TRUE,TRUE,TRUE,TRUE,editing_reference,false,editing_reference,none,节奏模式。,Timing Pattern,,,FX_POST_RESEARCH,candidate
TAG_EDITING_RHYTHM_0291,speed_ramp,速度渐变,Speed Ramp,editing_rhythm,timing_pattern,L3,,,TRUE,TRUE,TRUE,TRUE,editing_reference_only,false,editing_reference,none,速度渐变剪辑节奏标签。,Speed Ramp,,,FX_POST_RESEARCH,candidate
TAG_EDITING_RHYTHM_0292,time_remap,时间重映射,Time Remap,editing_rhythm,timing_pattern,L3,,,TRUE,TRUE,TRUE,TRUE,editing_reference_only,false,editing_reference,none,时间重映射剪辑节奏标签。,Time Remap,,,FX_POST_RESEARCH,candidate
TAG_EDITING_RHYTHM_0293,slow_motion,慢动作,Slow Motion,editing_rhythm,tempo,L3,,,TRUE,TRUE,TRUE,TRUE,editing_reference_only,false,editing_reference,none,慢动作剪辑节奏标签。,Slow Motion,,,FX_POST_RESEARCH,candidate
TAG_EDITING_RHYTHM_0294,freeze_frame,冻结帧,Freeze Frame,editing_rhythm,timing_pattern,L3,,,TRUE,TRUE,TRUE,TRUE,editing_reference_only,false,editing_reference,none,冻结帧剪辑节奏标签。,Freeze Frame,,,FX_POST_RESEARCH,candidate
TAG_EDITING_RHYTHM_0295,jump_cut,跳切,Jump Cut,editing_rhythm,cut_type,L3,,,TRUE,TRUE,TRUE,TRUE,editing_reference_only,false,editing_reference,none,跳切剪辑节奏标签。,Jump Cut,,,FX_POST_RESEARCH,candidate
TAG_EDITING_RHYTHM_0296,smash_cut,硬撞剪辑,Smash Cut,editing_rhythm,cut_type,L3,,,TRUE,TRUE,TRUE,TRUE,editing_reference_only,false,editing_reference,none,硬撞剪辑剪辑节奏标签。,Smash Cut,,,FX_POST_RESEARCH,candidate
TAG_EDITING_RHYTHM_0297,match_cut,匹配剪辑,Match Cut,editing_rhythm,cut_type,L3,,,TRUE,TRUE,TRUE,TRUE,editing_reference_only,false,editing_reference,none,匹配剪辑剪辑节奏标签。,Match Cut,,,FX_POST_RESEARCH,candidate
TAG_EDITING_RHYTHM_0298,cut_mid_exchange_edit,动作中切,Cut Mid-exchange,editing_rhythm,cut_type,L3,,,TRUE,TRUE,TRUE,TRUE,editing_reference_only,false,editing_reference,none,动作中切剪辑节奏标签。,Cut Mid-exchange,,,FX_POST_RESEARCH,candidate
TAG_EDITING_RHYTHM_0299,beat_sync,卡点,Beat Sync,editing_rhythm,timing_pattern,L3,,,TRUE,TRUE,TRUE,TRUE,editing_reference_only,false,editing_reference,none,卡点剪辑节奏标签。,Beat Sync,,,FX_POST_RESEARCH,candidate
TAG_EDITING_RHYTHM_0300,stop_go,停走节奏,Stop-go Rhythm,editing_rhythm,timing_pattern,L3,,,TRUE,TRUE,TRUE,TRUE,editing_reference_only,false,editing_reference,none,停走节奏剪辑节奏标签。,Stop-go Rhythm,,,FX_POST_RESEARCH,candidate
TAG_PERFORMANCE_EMOTION_0301,emotion,情绪,Emotion,performance_emotion,performance_emotion,L2,,,TRUE,TRUE,TRUE,TRUE,performance_reference,false,performance_reference,none,情绪。,Emotion,,,TAG_SYSTEM_RESEARCH,candidate
TAG_PERFORMANCE_EMOTION_0302,facial_cue,面部线索,Facial Cue,performance_emotion,performance_emotion,L2,,,TRUE,TRUE,TRUE,TRUE,performance_reference,false,performance_reference,none,面部线索。,Facial Cue,,,TAG_SYSTEM_RESEARCH,candidate
TAG_PERFORMANCE_EMOTION_0303,body_cue,身体线索,Body Cue,performance_emotion,performance_emotion,L2,,,TRUE,TRUE,TRUE,TRUE,performance_reference,false,performance_reference,none,身体线索。,Body Cue,,,TAG_SYSTEM_RESEARCH,candidate
TAG_PERFORMANCE_EMOTION_0304,gaze,视线,Gaze,performance_emotion,performance_emotion,L2,,,TRUE,TRUE,TRUE,TRUE,performance_reference,false,performance_reference,none,视线。,Gaze,,,TAG_SYSTEM_RESEARCH,candidate
TAG_PERFORMANCE_EMOTION_0305,breath,呼吸,Breath,performance_emotion,performance_emotion,L2,,,TRUE,TRUE,TRUE,TRUE,performance_reference,false,performance_reference,none,呼吸。,Breath,,,TAG_SYSTEM_RESEARCH,candidate
TAG_PERFORMANCE_EMOTION_0306,fear,恐惧,Fear,performance_emotion,emotion,L3,,,TRUE,TRUE,TRUE,TRUE,performance_reference,false,performance_reference,none,恐惧情绪。,Fear,,,TAG_SYSTEM_RESEARCH,candidate
TAG_PERFORMANCE_EMOTION_0307,anger,愤怒,Anger,performance_emotion,emotion,L3,,,TRUE,TRUE,TRUE,TRUE,performance_reference,false,performance_reference,none,愤怒情绪。,Anger,,,TAG_SYSTEM_RESEARCH,candidate
TAG_PERFORMANCE_EMOTION_0308,hesitation,迟疑,Hesitation,performance_emotion,emotion,L3,,,TRUE,TRUE,TRUE,TRUE,performance_reference,false,performance_reference,none,迟疑情绪。,Hesitation,,,TAG_SYSTEM_RESEARCH,candidate
TAG_PERFORMANCE_EMOTION_0309,resolve,决绝,Resolve,performance_emotion,emotion,L3,,,TRUE,TRUE,TRUE,TRUE,performance_reference,false,performance_reference,none,决绝情绪。,Resolve,,,TAG_SYSTEM_RESEARCH,candidate
TAG_PERFORMANCE_EMOTION_0310,shock,震惊,Shock,performance_emotion,emotion,L3,,,TRUE,TRUE,TRUE,TRUE,performance_reference,false,performance_reference,none,震惊情绪。,Shock,,,TAG_SYSTEM_RESEARCH,candidate
TAG_PERFORMANCE_EMOTION_0311,cold_smile,冷笑,Cold Smile,performance_emotion,emotion,L3,,,TRUE,TRUE,TRUE,TRUE,performance_reference,false,performance_reference,none,冷笑情绪。,Cold Smile,,,TAG_SYSTEM_RESEARCH,candidate
TAG_PERFORMANCE_EMOTION_0312,alert,警觉,Alert,performance_emotion,emotion,L3,,,TRUE,TRUE,TRUE,TRUE,performance_reference,false,performance_reference,none,警觉情绪。,Alert,,,TAG_SYSTEM_RESEARCH,candidate
TAG_PERFORMANCE_EMOTION_0313,pain,疼痛,Pain,performance_emotion,emotion,L3,,,TRUE,TRUE,TRUE,TRUE,performance_reference,false,performance_reference,none,疼痛情绪。,Pain,,,TAG_SYSTEM_RESEARCH,candidate
TAG_PERFORMANCE_EMOTION_0314,relief,释然,Relief,performance_emotion,emotion,L3,,,TRUE,TRUE,TRUE,TRUE,performance_reference,false,performance_reference,none,释然情绪。,Relief,,,TAG_SYSTEM_RESEARCH,candidate
TAG_PERFORMANCE_EMOTION_0315,pressure_emotion,压迫感,Pressure,performance_emotion,emotion,L3,,,TRUE,TRUE,TRUE,TRUE,performance_reference,false,performance_reference,none,压迫感情绪。,Pressure,,,TAG_SYSTEM_RESEARCH,candidate
TAG_PERFORMANCE_EMOTION_0316,desperation,绝望,Desperation,performance_emotion,emotion,L3,,,TRUE,TRUE,TRUE,TRUE,performance_reference,false,performance_reference,none,绝望情绪。,Desperation,,,TAG_SYSTEM_RESEARCH,candidate
TAG_PERFORMANCE_EMOTION_0317,eye_shift,眼神偏移,Eye Shift,performance_emotion,gaze,L3,,,TRUE,TRUE,TRUE,TRUE,performance_reference,false,performance_reference,none,眼神偏移表演线索。,Eye Shift,,,TAG_SYSTEM_RESEARCH,candidate
TAG_PERFORMANCE_EMOTION_0318,breath_pause,呼吸停顿,Breath Pause,performance_emotion,breath,L3,,,TRUE,TRUE,TRUE,TRUE,performance_reference,false,performance_reference,none,呼吸停顿表演线索。,Breath Pause,,,TAG_SYSTEM_RESEARCH,candidate
TAG_PERFORMANCE_EMOTION_0319,shoulder_tense,肩膀绷紧,Shoulder Tense,performance_emotion,body_cue,L3,,,TRUE,TRUE,TRUE,TRUE,performance_reference,false,performance_reference,none,肩膀绷紧表演线索。,Shoulder Tense,,,TAG_SYSTEM_RESEARCH,candidate
TAG_PERFORMANCE_EMOTION_0320,hand_clench,握拳,Hand Clench,performance_emotion,body_cue,L3,,,TRUE,TRUE,TRUE,TRUE,performance_reference,false,performance_reference,none,握拳表演线索。,Hand Clench,,,TAG_SYSTEM_RESEARCH,candidate
TAG_PERFORMANCE_EMOTION_0321,lip_tremble,嘴唇颤抖,Lip Tremble,performance_emotion,facial_cue,L3,,,TRUE,TRUE,TRUE,TRUE,performance_reference,false,performance_reference,none,嘴唇颤抖表演线索。,Lip Tremble,,,TAG_SYSTEM_RESEARCH,candidate
TAG_PERFORMANCE_EMOTION_0322,slow_head_turn,慢转头,Slow Head Turn,performance_emotion,body_cue,L3,,,TRUE,TRUE,TRUE,TRUE,performance_reference,false,performance_reference,none,慢转头表演线索。,Slow Head Turn,,,TAG_SYSTEM_RESEARCH,candidate
TAG_PERFORMANCE_EMOTION_0323,body_freeze,身体僵住,Body Freeze,performance_emotion,body_cue,L3,,,TRUE,TRUE,TRUE,TRUE,performance_reference,false,performance_reference,none,身体僵住表演线索。,Body Freeze,,,TAG_SYSTEM_RESEARCH,candidate
TAG_PERFORMANCE_EMOTION_0324,step_back_performance,后退一步,Step Back,performance_emotion,body_cue,L3,,,TRUE,TRUE,TRUE,TRUE,performance_reference,false,performance_reference,none,后退一步表演线索。,Step Back,,,TAG_SYSTEM_RESEARCH,candidate
TAG_PERFORMANCE_EMOTION_0325,look_down,低头,Look Down,performance_emotion,gaze,L3,,,TRUE,TRUE,TRUE,TRUE,performance_reference,false,performance_reference,none,低头表演线索。,Look Down,,,TAG_SYSTEM_RESEARCH,candidate
TAG_PERFORMANCE_EMOTION_0326,look_up,抬眼,Look Up,performance_emotion,gaze,L3,,,TRUE,TRUE,TRUE,TRUE,performance_reference,false,performance_reference,none,抬眼表演线索。,Look Up,,,TAG_SYSTEM_RESEARCH,candidate
TAG_ENVIRONMENT_FEEDBACK_0327,weather,天气,Weather,environment_feedback,environment_feedback,L2,,,TRUE,TRUE,TRUE,TRUE,environment_reference,false,environment_reference,none,天气。,Weather,,,TAG_SYSTEM_RESEARCH,candidate
TAG_ENVIRONMENT_FEEDBACK_0328,surface_response,地面反馈,Surface Response,environment_feedback,environment_feedback,L2,,,TRUE,TRUE,TRUE,TRUE,environment_reference,false,environment_reference,none,地面反馈。,Surface Response,,,TAG_SYSTEM_RESEARCH,candidate
TAG_ENVIRONMENT_FEEDBACK_0329,material_response,材质反馈,Material Response,environment_feedback,environment_feedback,L2,,,TRUE,TRUE,TRUE,TRUE,environment_reference,false,environment_reference,none,材质反馈。,Material Response,,,TAG_SYSTEM_RESEARCH,candidate
TAG_ENVIRONMENT_FEEDBACK_0330,cloth_hair_response,衣发反馈,Cloth/Hair Response,environment_feedback,environment_feedback,L2,,,TRUE,TRUE,TRUE,TRUE,environment_reference,false,environment_reference,none,衣发反馈。,Cloth/Hair Response,,,TAG_SYSTEM_RESEARCH,candidate
TAG_ENVIRONMENT_FEEDBACK_0331,rain,雨,Rain,environment_feedback,weather,L3,,,TRUE,TRUE,TRUE,TRUE,environment_reference,false,environment_reference,none,雨环境反馈。,Rain,,,TAG_SYSTEM_RESEARCH,candidate
TAG_ENVIRONMENT_FEEDBACK_0332,snow,雪,Snow,environment_feedback,weather,L3,,,TRUE,TRUE,TRUE,TRUE,environment_reference,false,environment_reference,none,雪环境反馈。,Snow,,,TAG_SYSTEM_RESEARCH,candidate
TAG_ENVIRONMENT_FEEDBACK_0333,wind,风,Wind,environment_feedback,weather,L3,,,TRUE,TRUE,TRUE,TRUE,environment_reference,false,environment_reference,none,风环境反馈。,Wind,,,TAG_SYSTEM_RESEARCH,candidate
TAG_ENVIRONMENT_FEEDBACK_0334,wet_floor,湿地面,Wet Floor,environment_feedback,surface_response,L3,,,TRUE,TRUE,TRUE,TRUE,environment_reference,false,environment_reference,none,湿地面环境反馈。,Wet Floor,,,TAG_SYSTEM_RESEARCH,candidate
TAG_ENVIRONMENT_FEEDBACK_0335,reflection,反光,Reflection,environment_feedback,surface_response,L3,,,TRUE,TRUE,TRUE,TRUE,environment_reference,false,environment_reference,none,反光环境反馈。,Reflection,,,TAG_SYSTEM_RESEARCH,candidate
TAG_ENVIRONMENT_FEEDBACK_0336,water_splash,水花,Water Splash,environment_feedback,surface_response,L3,,,TRUE,TRUE,TRUE,TRUE,environment_reference,false,environment_reference,none,水花环境反馈。,Water Splash,,,TAG_SYSTEM_RESEARCH,candidate
TAG_ENVIRONMENT_FEEDBACK_0337,rain_spray,雨水飞溅,Rain Spray,environment_feedback,surface_response,L3,,,TRUE,TRUE,TRUE,TRUE,environment_reference,false,environment_reference,none,雨水飞溅环境反馈。,Rain Spray,,,TAG_SYSTEM_RESEARCH,candidate
TAG_ENVIRONMENT_FEEDBACK_0338,dust,尘土,Dust,environment_feedback,material_response,L3,,,TRUE,TRUE,TRUE,TRUE,environment_reference,false,environment_reference,none,尘土环境反馈。,Dust,,,TAG_SYSTEM_RESEARCH,candidate
TAG_ENVIRONMENT_FEEDBACK_0339,smoke,烟雾,Smoke,environment_feedback,material_response,L3,,,TRUE,TRUE,TRUE,TRUE,environment_reference,false,environment_reference,none,烟雾环境反馈。,Smoke,,,TAG_SYSTEM_RESEARCH,candidate
TAG_ENVIRONMENT_FEEDBACK_0340,fire,火,Fire,environment_feedback,material_response,L3,,,TRUE,TRUE,TRUE,TRUE,environment_reference,false,environment_reference,none,火环境反馈。,Fire,,,TAG_SYSTEM_RESEARCH,candidate
TAG_ENVIRONMENT_FEEDBACK_0341,debris,碎屑,Debris,environment_feedback,material_response,L3,,,TRUE,TRUE,TRUE,TRUE,environment_reference,false,environment_reference,none,碎屑环境反馈。,Debris,,,TAG_SYSTEM_RESEARCH,candidate
TAG_ENVIRONMENT_FEEDBACK_0342,splinters,木屑,Splinters,environment_feedback,material_response,L3,,,TRUE,TRUE,TRUE,TRUE,environment_reference,false,environment_reference,none,木屑环境反馈。,Splinters,,,TAG_SYSTEM_RESEARCH,candidate
TAG_ENVIRONMENT_FEEDBACK_0343,cloth_flutter,衣摆飘动,Cloth Flutter,environment_feedback,cloth_hair_response,L3,,,TRUE,TRUE,TRUE,TRUE,environment_reference,false,environment_reference,none,衣摆飘动环境反馈。,Cloth Flutter,,,TAG_SYSTEM_RESEARCH,candidate
TAG_ENVIRONMENT_FEEDBACK_0344,hair_motion,头发运动,Hair Motion,environment_feedback,cloth_hair_response,L3,,,TRUE,TRUE,TRUE,TRUE,environment_reference,false,environment_reference,none,头发运动环境反馈。,Hair Motion,,,TAG_SYSTEM_RESEARCH,candidate
TAG_ENVIRONMENT_FEEDBACK_0345,armor_feedback,护甲反馈,Armor Feedback,environment_feedback,material_response,L3,,,TRUE,TRUE,TRUE,TRUE,environment_reference,false,environment_reference,none,护甲反馈环境反馈。,Armor Feedback,,,TAG_SYSTEM_RESEARCH,candidate
TAG_STYLE_LIGHTING_0346,realism_level,写实程度,Realism Level,style_lighting,style_lighting,L2,,,TRUE,TRUE,TRUE,TRUE,style_reference,false,style_reference,none,写实程度。,Realism Level,,,TAG_SYSTEM_RESEARCH,candidate
TAG_STYLE_LIGHTING_0347,palette,色彩系统,Palette,style_lighting,style_lighting,L2,,,TRUE,TRUE,TRUE,TRUE,style_reference,false,style_reference,none,色彩系统。,Palette,,,TAG_SYSTEM_RESEARCH,candidate
TAG_STYLE_LIGHTING_0348,lighting_pattern,打光方式,Lighting Pattern,style_lighting,style_lighting,L2,,,TRUE,TRUE,TRUE,TRUE,style_reference,false,style_reference,none,打光方式。,Lighting Pattern,,,TAG_SYSTEM_RESEARCH,candidate
TAG_STYLE_LIGHTING_0349,medium_origin,媒介风格,Medium Origin,style_lighting,style_lighting,L2,,,TRUE,TRUE,TRUE,TRUE,style_reference,false,style_reference,none,媒介风格。,Medium Origin,,,TAG_SYSTEM_RESEARCH,candidate
TAG_STYLE_LIGHTING_0350,realistic,写实,Realistic,style_lighting,realism_level,L3,,,TRUE,TRUE,TRUE,TRUE,style_reference,false,style_reference,none,写实风格/光影标签。,Realistic,,,TAG_SYSTEM_RESEARCH,candidate
TAG_STYLE_LIGHTING_0351,semi_realistic_3d,半写实3D,Semi-realistic 3D,style_lighting,realism_level,L3,,,TRUE,TRUE,TRUE,TRUE,style_reference,false,style_reference,none,半写实3D风格/光影标签。,Semi-realistic 3D,,,TAG_SYSTEM_RESEARCH,candidate
TAG_STYLE_LIGHTING_0352,anime_style,动漫风,Anime Style,style_lighting,medium_origin,L3,,,TRUE,TRUE,TRUE,TRUE,style_reference,false,style_reference,none,动漫风风格/光影标签。,Anime Style,,,TAG_SYSTEM_RESEARCH,candidate
TAG_STYLE_LIGHTING_0353,game_cinematic_style,游戏演出感,Game Cinematic Style,style_lighting,medium_origin,L3,,,TRUE,TRUE,TRUE,TRUE,style_reference,false,style_reference,none,游戏演出感风格/光影标签。,Game Cinematic Style,,,TAG_SYSTEM_RESEARCH,candidate
TAG_STYLE_LIGHTING_0354,noir,黑色电影感,Noir,style_lighting,medium_origin,L3,,,TRUE,TRUE,TRUE,TRUE,style_reference,false,style_reference,none,黑色电影感风格/光影标签。,Noir,,,TAG_SYSTEM_RESEARCH,candidate
TAG_STYLE_LIGHTING_0355,cel_shading,赛璐璐渲染,Cel Shading,style_lighting,medium_origin,L3,,,TRUE,TRUE,TRUE,TRUE,style_reference,false,style_reference,none,赛璐璐渲染风格/光影标签。,Cel Shading,,,TAG_SYSTEM_RESEARCH,candidate
TAG_STYLE_LIGHTING_0356,ink_wash,水墨,Ink Wash,style_lighting,medium_origin,L3,,,TRUE,TRUE,TRUE,TRUE,style_reference,false,style_reference,none,水墨风格/光影标签。,Ink Wash,,,TAG_SYSTEM_RESEARCH,candidate
TAG_STYLE_LIGHTING_0357,high_contrast,高反差,High Contrast,style_lighting,lighting_pattern,L3,,,TRUE,TRUE,TRUE,TRUE,style_reference,false,style_reference,none,高反差风格/光影标签。,High Contrast,,,TAG_SYSTEM_RESEARCH,candidate
TAG_STYLE_LIGHTING_0358,low_saturation,低饱和,Low Saturation,style_lighting,palette,L3,,,TRUE,TRUE,TRUE,TRUE,style_reference,false,style_reference,none,低饱和风格/光影标签。,Low Saturation,,,TAG_SYSTEM_RESEARCH,candidate
TAG_STYLE_LIGHTING_0359,cold_light,冷光,Cold Light,style_lighting,palette,L3,,,TRUE,TRUE,TRUE,TRUE,style_reference,false,style_reference,none,冷光风格/光影标签。,Cold Light,,,TAG_SYSTEM_RESEARCH,candidate
TAG_STYLE_LIGHTING_0360,warm_light,暖光,Warm Light,style_lighting,palette,L3,,,TRUE,TRUE,TRUE,TRUE,style_reference,false,style_reference,none,暖光风格/光影标签。,Warm Light,,,TAG_SYSTEM_RESEARCH,candidate
TAG_STYLE_LIGHTING_0361,cold_backlight,冷色逆光,Cold Backlight,style_lighting,lighting_pattern,L3,,,TRUE,TRUE,TRUE,TRUE,style_reference,false,style_reference,none,冷色逆光风格/光影标签。,Cold Backlight,,,TAG_SYSTEM_RESEARCH,candidate
TAG_STYLE_LIGHTING_0362,rim_light,轮廓光,Rim Light,style_lighting,lighting_pattern,L3,,,TRUE,TRUE,TRUE,TRUE,style_reference,false,style_reference,none,轮廓光风格/光影标签。,Rim Light,,,TAG_SYSTEM_RESEARCH,candidate
TAG_SOUND_RHYTHM_0363,impact_sound,冲击声音,Impact Sound,sound_rhythm,sound_rhythm,L2,,,TRUE,TRUE,TRUE,TRUE,sound_reference,false,sound_reference,none,冲击声音。,Impact Sound,,,TAG_SYSTEM_RESEARCH,candidate
TAG_SOUND_RHYTHM_0364,movement_sound,运动声音,Movement Sound,sound_rhythm,sound_rhythm,L2,,,TRUE,TRUE,TRUE,TRUE,sound_reference,false,sound_reference,none,运动声音。,Movement Sound,,,TAG_SYSTEM_RESEARCH,candidate
TAG_SOUND_RHYTHM_0365,rhythm_sync,节奏同步,Rhythm Sync,sound_rhythm,sound_rhythm,L2,,,TRUE,TRUE,TRUE,TRUE,sound_reference,false,sound_reference,none,节奏同步。,Rhythm Sync,,,TAG_SYSTEM_RESEARCH,candidate
TAG_SOUND_RHYTHM_0366,ambience,环境声,Ambience,sound_rhythm,sound_rhythm,L2,,,TRUE,TRUE,TRUE,TRUE,sound_reference,false,sound_reference,none,环境声。,Ambience,,,TAG_SYSTEM_RESEARCH,candidate
TAG_SOUND_RHYTHM_0367,impact_sting,冲击短音,Impact Sting,sound_rhythm,impact_sound,L3,,,TRUE,TRUE,TRUE,TRUE,sound_reference,false,sound_reference,none,冲击短音。,Impact Sting,,,TAG_SYSTEM_RESEARCH,candidate
TAG_SOUND_RHYTHM_0368,metal_clash,金属碰撞,Metal Clash,sound_rhythm,impact_sound,L3,,,TRUE,TRUE,TRUE,TRUE,sound_reference,false,sound_reference,none,金属碰撞。,Metal Clash,,,TAG_SYSTEM_RESEARCH,candidate
TAG_SOUND_RHYTHM_0369,whoosh,风切,Whoosh,sound_rhythm,movement_sound,L3,,,TRUE,TRUE,TRUE,TRUE,sound_reference,false,sound_reference,none,风切。,Whoosh,,,TAG_SYSTEM_RESEARCH,candidate
TAG_SOUND_RHYTHM_0370,bass_drop,低频坠落,Bass Drop,sound_rhythm,impact_sound,L3,,,TRUE,TRUE,TRUE,TRUE,sound_reference,false,sound_reference,none,低频坠落。,Bass Drop,,,TAG_SYSTEM_RESEARCH,candidate
TAG_SOUND_RHYTHM_0371,silence_before_hit,命中前静音,Silence Before Hit,sound_rhythm,rhythm_sync,L3,,,TRUE,TRUE,TRUE,TRUE,sound_reference,false,sound_reference,none,命中前静音。,Silence Before Hit,,,TAG_SYSTEM_RESEARCH,candidate
TAG_SOUND_RHYTHM_0372,breath_cue,呼吸提示,Breath Cue,sound_rhythm,movement_sound,L3,,,TRUE,TRUE,TRUE,TRUE,sound_reference,false,sound_reference,none,呼吸提示。,Breath Cue,,,TAG_SYSTEM_RESEARCH,candidate
TAG_SOUND_RHYTHM_0373,rain_ambience,雨声环境,Rain Ambience,sound_rhythm,ambience,L3,,,TRUE,TRUE,TRUE,TRUE,sound_reference,false,sound_reference,none,雨声环境。,Rain Ambience,,,TAG_SYSTEM_RESEARCH,candidate
TAG_SOUND_RHYTHM_0374,cut_on_impact,命中点剪切,Cut on Impact,sound_rhythm,rhythm_sync,L3,,,TRUE,TRUE,TRUE,TRUE,sound_reference,false,sound_reference,none,命中点剪切。,Cut on Impact,,,TAG_SYSTEM_RESEARCH,candidate
TAG_SOUND_RHYTHM_0375,inhale_before_attack,出手前吸气,Inhale Before Attack,sound_rhythm,rhythm_sync,L3,,,TRUE,TRUE,TRUE,TRUE,sound_reference,false,sound_reference,none,出手前吸气。,Inhale Before Attack,,,TAG_SYSTEM_RESEARCH,candidate
TAG_RISK_0376,rights_risk,权利风险,Rights Risk,risk,risk,L2,,,TRUE,TRUE,TRUE,TRUE,risk_filter,false,risk_filter,medium,权利风险。,Rights Risk,,,SAFETY_RESEARCH,candidate
TAG_RISK_0377,identity_risk,身份/肖像风险,Identity Risk,risk,risk,L2,,,TRUE,TRUE,TRUE,TRUE,risk_filter,false,risk_filter,medium,身份/肖像风险。,Identity Risk,,,SAFETY_RESEARCH,candidate
TAG_RISK_0378,brand_ui_risk,品牌/UI风险,Brand/UI Risk,risk,risk,L2,,,TRUE,TRUE,TRUE,TRUE,risk_filter,false,risk_filter,medium,品牌/UI风险。,Brand/UI Risk,,,SAFETY_RESEARCH,candidate
TAG_RISK_0379,provenance_risk,来源风险,Provenance Risk,risk,risk,L2,,,TRUE,TRUE,TRUE,TRUE,risk_filter,false,risk_filter,medium,来源风险。,Provenance Risk,,,SAFETY_RESEARCH,candidate
TAG_RISK_0380,content_risk,内容风险,Content Risk,risk,risk,L2,,,TRUE,TRUE,TRUE,TRUE,risk_filter,false,risk_filter,medium,内容风险。,Content Risk,,,SAFETY_RESEARCH,candidate
TAG_RISK_0381,generation_risk,生成污染风险,Generation Risk,risk,risk,L2,,,TRUE,TRUE,TRUE,TRUE,risk_filter,false,risk_filter,medium,生成污染风险。,Generation Risk,,,SAFETY_RESEARCH,candidate
TAG_RISK_0382,copyright_risk,版权风险,Copyright Risk,risk,rights_risk,L3,,,TRUE,TRUE,TRUE,TRUE,risk_filter,false,risk_filter,high,版权风险，用于搜索过滤、降权或 active input 阻断。,Copyright Risk,,,SAFETY_RESEARCH,candidate
TAG_RISK_0383,ip_risk,IP风险,IP Risk,risk,rights_risk,L3,,,TRUE,TRUE,TRUE,TRUE,risk_filter,false,risk_filter,high,IP风险，用于搜索过滤、降权或 active input 阻断。,IP Risk,,,SAFETY_RESEARCH,candidate
TAG_RISK_0384,license_scope_unclear,许可范围不清,License Scope Unclear,risk,rights_risk,L3,,,TRUE,TRUE,TRUE,TRUE,risk_filter,false,risk_filter,high,许可范围不清，用于搜索过滤、降权或 active input 阻断。,License Scope Unclear,,,SAFETY_RESEARCH,candidate
TAG_RISK_0385,contract_restricted,合同受限,Contract Restricted,risk,rights_risk,L3,,,TRUE,TRUE,TRUE,TRUE,risk_filter,false,risk_filter,high,合同受限，用于搜索过滤、降权或 active input 阻断。,Contract Restricted,,,SAFETY_RESEARCH,candidate
TAG_RISK_0386,actor_face,演员脸,Actor Face,risk,identity_risk,L3,,,TRUE,TRUE,TRUE,TRUE,risk_filter,false,risk_filter,high,演员脸，用于搜索过滤、降权或 active input 阻断。,Actor Face,,,SAFETY_RESEARCH,candidate
TAG_RISK_0387,celebrity_face,明星脸,Celebrity Face,risk,identity_risk,L3,,,TRUE,TRUE,TRUE,TRUE,risk_filter,false,risk_filter,critical,明星脸，用于搜索过滤、降权或 active input 阻断。,Celebrity Face,,,SAFETY_RESEARCH,candidate
TAG_RISK_0388,minor_possible,疑似未成年人,Minor Possible,risk,identity_risk,L3,,,TRUE,TRUE,TRUE,TRUE,risk_filter,false,risk_filter,critical,疑似未成年人，用于搜索过滤、降权或 active input 阻断。,Minor Possible,,,SAFETY_RESEARCH,candidate
TAG_RISK_0389,voice_present,存在人声,Voice Present,risk,identity_risk,L3,,,TRUE,TRUE,TRUE,TRUE,risk_filter,false,risk_filter,medium,存在人声，用于搜索过滤、降权或 active input 阻断。,Voice Present,,,SAFETY_RESEARCH,candidate
TAG_RISK_0390,voiceprint_risk,声纹风险,Voiceprint Risk,risk,identity_risk,L3,,,TRUE,TRUE,TRUE,TRUE,risk_filter,false,risk_filter,high,声纹风险，用于搜索过滤、降权或 active input 阻断。,Voiceprint Risk,,,SAFETY_RESEARCH,candidate
TAG_RISK_0391,watermark,水印,Watermark,risk,brand_ui_risk,L3,,,TRUE,TRUE,TRUE,TRUE,risk_filter,false,risk_filter,high,水印，用于搜索过滤、降权或 active input 阻断。,Watermark,,,SAFETY_RESEARCH,candidate
TAG_RISK_0392,logo,Logo,Logo,risk,brand_ui_risk,L3,,,TRUE,TRUE,TRUE,TRUE,risk_filter,false,risk_filter,high,Logo，用于搜索过滤、降权或 active input 阻断。,Logo,,,SAFETY_RESEARCH,candidate
TAG_RISK_0393,trademark_visible,商标可见,Trademark Visible,risk,brand_ui_risk,L3,,,TRUE,TRUE,TRUE,TRUE,risk_filter,false,risk_filter,high,商标可见，用于搜索过滤、降权或 active input 阻断。,Trademark Visible,,,SAFETY_RESEARCH,candidate
TAG_RISK_0394,ui_overlay_risk,UI叠层风险,UI Overlay Risk,risk,brand_ui_risk,L3,,,TRUE,TRUE,TRUE,TRUE,risk_filter,false,risk_filter,high,UI叠层风险，用于搜索过滤、降权或 active input 阻断。,UI Overlay Risk,,,SAFETY_RESEARCH,candidate
TAG_RISK_0395,hud_present,HUD存在,HUD Present,risk,brand_ui_risk,L3,,,TRUE,TRUE,TRUE,TRUE,risk_filter,false,risk_filter,high,HUD存在，用于搜索过滤、降权或 active input 阻断。,HUD Present,,,SAFETY_RESEARCH,candidate
TAG_RISK_0396,subtitle_burned_in,烧录字幕,Burned-in Subtitle,risk,brand_ui_risk,L3,,,TRUE,TRUE,TRUE,TRUE,risk_filter,false,risk_filter,medium,烧录字幕，用于搜索过滤、降权或 active input 阻断。,Burned-in Subtitle,,,SAFETY_RESEARCH,candidate
TAG_RISK_0397,tutorial_overlay,教程覆盖层,Tutorial Overlay,risk,brand_ui_risk,L3,,,TRUE,TRUE,TRUE,TRUE,risk_filter,false,risk_filter,medium,教程覆盖层，用于搜索过滤、降权或 active input 阻断。,Tutorial Overlay,,,SAFETY_RESEARCH,candidate
TAG_RISK_0398,source_unknown,来源未知,Unknown Source,risk,provenance_risk,L3,,,TRUE,TRUE,TRUE,TRUE,risk_filter,false,risk_filter,high,来源未知，用于搜索过滤、降权或 active input 阻断。,Unknown Source,,,SAFETY_RESEARCH,candidate
TAG_RISK_0399,scraped_social,疑似社媒抓取,Scraped Social,risk,provenance_risk,L3,,,TRUE,TRUE,TRUE,TRUE,risk_filter,false,risk_filter,high,疑似社媒抓取，用于搜索过滤、降权或 active input 阻断。,Scraped Social,,,SAFETY_RESEARCH,candidate
TAG_RISK_0400,leak_risk,泄露素材风险,Leak Risk,risk,provenance_risk,L3,,,TRUE,TRUE,TRUE,TRUE,risk_filter,false,risk_filter,critical,泄露素材风险，用于搜索过滤、降权或 active input 阻断。,Leak Risk,,,SAFETY_RESEARCH,candidate
TAG_RISK_0401,c2pa_no_ai_flag,C2PA禁AI标记,C2PA No-AI Flag,risk,provenance_risk,L3,,,TRUE,TRUE,TRUE,TRUE,risk_filter,false,risk_filter,critical,C2PA禁AI标记，用于搜索过滤、降权或 active input 阻断。,C2PA No-AI Flag,,,SAFETY_RESEARCH,candidate
TAG_RISK_0402,gore,血腥,Gore,risk,content_risk,L3,,,TRUE,TRUE,TRUE,TRUE,risk_filter,false,risk_filter,high,血腥，用于搜索过滤、降权或 active input 阻断。,Gore,,,SAFETY_RESEARCH,candidate
TAG_RISK_0403,real_injury,真实伤害,Real Injury,risk,content_risk,L3,,,TRUE,TRUE,TRUE,TRUE,risk_filter,false,risk_filter,critical,真实伤害，用于搜索过滤、降权或 active input 阻断。,Real Injury,,,SAFETY_RESEARCH,candidate
TAG_RISK_0404,privacy_risk,隐私风险,Privacy Risk,risk,content_risk,L3,,,TRUE,TRUE,TRUE,TRUE,risk_filter,false,risk_filter,critical,隐私风险，用于搜索过滤、降权或 active input 阻断。,Privacy Risk,,,SAFETY_RESEARCH,candidate
TAG_RISK_0405,style_pollution,风格污染,Style Pollution,risk,generation_risk,L3,,,TRUE,TRUE,TRUE,TRUE,risk_filter,false,risk_filter,medium,风格污染，用于搜索过滤、降权或 active input 阻断。,Style Pollution,,,SAFETY_RESEARCH,candidate
TAG_RISK_0406,reference_attention_conflict,参考注意力冲突,Reference Attention Conflict,risk,generation_risk,L3,,,TRUE,TRUE,TRUE,TRUE,risk_filter,false,risk_filter,medium,参考注意力冲突，用于搜索过滤、降权或 active input 阻断。,Reference Attention Conflict,,,SAFETY_RESEARCH,candidate
TAG_RISK_0407,active_input_unsafe,主动输入不安全,Active Input Unsafe,risk,generation_risk,L3,,,TRUE,TRUE,TRUE,TRUE,risk_filter,false,risk_filter,high,主动输入不安全，用于搜索过滤、降权或 active input 阻断。,Active Input Unsafe,,,SAFETY_RESEARCH,candidate
TAG_RISK_0408,exact_layout_required,需要精确版式,Exact Layout Required,risk,generation_risk,L3,,,TRUE,TRUE,TRUE,TRUE,risk_filter,false,risk_filter,medium,需要精确版式，用于搜索过滤、降权或 active input 阻断。,Exact Layout Required,,,SAFETY_RESEARCH,candidate
TAG_RISK_0409,exact_font_required,需要精确字体,Exact Font Required,risk,generation_risk,L3,,,TRUE,TRUE,TRUE,TRUE,risk_filter,false,risk_filter,medium,需要精确字体，用于搜索过滤、降权或 active input 阻断。,Exact Font Required,,,SAFETY_RESEARCH,candidate
TAG_USAGE_OUTCOME_0410,result_status,结果状态,Result Status,usage_outcome,usage_outcome,L2,,,TRUE,TRUE,TRUE,TRUE,feedback_stats,false,feedback,none,结果状态。,Result Status,,,FEEDBACK_RANKING_RESEARCH,candidate
TAG_USAGE_OUTCOME_0411,success_type,成功类型,Success Type,usage_outcome,usage_outcome,L2,,,TRUE,TRUE,TRUE,TRUE,feedback_stats,false,feedback,none,成功类型。,Success Type,,,FEEDBACK_RANKING_RESEARCH,candidate
TAG_USAGE_OUTCOME_0412,failure_type,失败类型,Failure Type,usage_outcome,usage_outcome,L2,,,TRUE,TRUE,TRUE,TRUE,feedback_stats,false,feedback,none,失败类型。,Failure Type,,,FEEDBACK_RANKING_RESEARCH,candidate
TAG_USAGE_OUTCOME_0413,review_status,审查状态,Review Status,usage_outcome,usage_outcome,L2,,,TRUE,TRUE,TRUE,TRUE,feedback_stats,false,feedback,none,审查状态。,Review Status,,,FEEDBACK_RANKING_RESEARCH,candidate
TAG_USAGE_OUTCOME_0414,success,成功,Success,usage_outcome,result_status,L3,,,TRUE,TRUE,TRUE,TRUE,feedback_stats,false,feedback,none,成功反馈标签。,Success,,,FEEDBACK_RANKING_RESEARCH,candidate
TAG_USAGE_OUTCOME_0415,partial_success,部分成功,Partial Success,usage_outcome,result_status,L3,,,TRUE,TRUE,TRUE,TRUE,feedback_stats,false,feedback,none,部分成功反馈标签。,Partial Success,,,FEEDBACK_RANKING_RESEARCH,candidate
TAG_USAGE_OUTCOME_0416,failure,失败,Failure,usage_outcome,result_status,L3,,,TRUE,TRUE,TRUE,TRUE,feedback_stats,false,feedback,none,失败反馈标签。,Failure,,,FEEDBACK_RANKING_RESEARCH,candidate
TAG_USAGE_OUTCOME_0417,active_input_failed,主动输入失败,Active Input Failed,usage_outcome,result_status,L3,,,TRUE,TRUE,TRUE,TRUE,feedback_stats,false,feedback,none,主动输入失败反馈标签。,Active Input Failed,,,FEEDBACK_RANKING_RESEARCH,candidate
TAG_USAGE_OUTCOME_0418,prompt_only_success,仅提示词成功,Prompt-only Success,usage_outcome,result_status,L3,,,TRUE,TRUE,TRUE,TRUE,feedback_stats,false,feedback,none,仅提示词成功反馈标签。,Prompt-only Success,,,FEEDBACK_RANKING_RESEARCH,candidate
TAG_USAGE_OUTCOME_0419,review_only_useful,仅审片有用,Review-only Useful,usage_outcome,result_status,L3,,,TRUE,TRUE,TRUE,TRUE,feedback_stats,false,feedback,none,仅审片有用反馈标签。,Review-only Useful,,,FEEDBACK_RANKING_RESEARCH,candidate
TAG_USAGE_OUTCOME_0420,action_success,动作成功,Action Success,usage_outcome,success_type,L3,,,TRUE,TRUE,TRUE,TRUE,feedback_stats,false,feedback,none,动作成功反馈标签。,Action Success,,,FEEDBACK_RANKING_RESEARCH,candidate
TAG_USAGE_OUTCOME_0421,camera_success,运镜成功,Camera Success,usage_outcome,success_type,L3,,,TRUE,TRUE,TRUE,TRUE,feedback_stats,false,feedback,none,运镜成功反馈标签。,Camera Success,,,FEEDBACK_RANKING_RESEARCH,candidate
TAG_USAGE_OUTCOME_0422,fx_success,特效成功,FX Success,usage_outcome,success_type,L3,,,TRUE,TRUE,TRUE,TRUE,feedback_stats,false,feedback,none,特效成功反馈标签。,FX Success,,,FEEDBACK_RANKING_RESEARCH,candidate
TAG_USAGE_OUTCOME_0423,editing_success,剪辑成功,Editing Success,usage_outcome,success_type,L3,,,TRUE,TRUE,TRUE,TRUE,feedback_stats,false,feedback,none,剪辑成功反馈标签。,Editing Success,,,FEEDBACK_RANKING_RESEARCH,candidate
TAG_USAGE_OUTCOME_0424,style_success,风格成功,Style Success,usage_outcome,success_type,L3,,,TRUE,TRUE,TRUE,TRUE,feedback_stats,false,feedback,none,风格成功反馈标签。,Style Success,,,FEEDBACK_RANKING_RESEARCH,candidate
TAG_USAGE_OUTCOME_0425,review_standard_success,审片标准成功,Review Standard Success,usage_outcome,success_type,L3,,,TRUE,TRUE,TRUE,TRUE,feedback_stats,false,feedback,none,审片标准成功反馈标签。,Review Standard Success,,,FEEDBACK_RANKING_RESEARCH,candidate
TAG_USAGE_OUTCOME_0426,visual_execution_failure,视觉执行失败,Visual Execution Failure,usage_outcome,failure_type,L3,,,TRUE,TRUE,TRUE,TRUE,feedback_stats,false,feedback,none,视觉执行失败反馈标签。,Visual Execution Failure,,,FEEDBACK_RANKING_RESEARCH,candidate
TAG_USAGE_OUTCOME_0427,prompt_priority_failure,提示词优先级失败,Prompt Priority Failure,usage_outcome,failure_type,L3,,,TRUE,TRUE,TRUE,TRUE,feedback_stats,false,feedback,none,提示词优先级失败反馈标签。,Prompt Priority Failure,,,FEEDBACK_RANKING_RESEARCH,candidate
TAG_USAGE_OUTCOME_0428,reference_attention_conflict_failure,参考注意力冲突失败,Reference Attention Conflict Failure,usage_outcome,failure_type,L3,,,TRUE,TRUE,TRUE,TRUE,feedback_stats,false,feedback,none,参考注意力冲突失败反馈标签。,Reference Attention Conflict Failure,,,FEEDBACK_RANKING_RESEARCH,candidate
TAG_USAGE_OUTCOME_0429,identity_drift,身份漂移,Identity Drift,usage_outcome,failure_type,L3,,,TRUE,TRUE,TRUE,TRUE,feedback_stats,false,feedback,none,身份漂移反馈标签。,Identity Drift,,,FEEDBACK_RANKING_RESEARCH,candidate
TAG_USAGE_OUTCOME_0430,timing_tail_poseout_failure,尾段摆拍失败,Timing Tail Pose-out Failure,usage_outcome,failure_type,L3,,,TRUE,TRUE,TRUE,TRUE,feedback_stats,false,feedback,none,尾段摆拍失败反馈标签。,Timing Tail Pose-out Failure,,,FEEDBACK_RANKING_RESEARCH,candidate
TAG_USAGE_OUTCOME_0431,video_action_quality_failure,视频动作质量失败,Video Action Quality Failure,usage_outcome,failure_type,L3,,,TRUE,TRUE,TRUE,TRUE,feedback_stats,false,feedback,none,视频动作质量失败反馈标签。,Video Action Quality Failure,,,FEEDBACK_RANKING_RESEARCH,candidate
TAG_USAGE_OUTCOME_0432,camera_conflict,运镜冲突,Camera Conflict,usage_outcome,failure_type,L3,,,TRUE,TRUE,TRUE,TRUE,feedback_stats,false,feedback,none,运镜冲突反馈标签。,Camera Conflict,,,FEEDBACK_RANKING_RESEARCH,candidate
TAG_USAGE_OUTCOME_0433,action_too_weak,动作太弱,Action Too Weak,usage_outcome,failure_type,L3,,,TRUE,TRUE,TRUE,TRUE,feedback_stats,false,feedback,none,动作太弱反馈标签。,Action Too Weak,,,FEEDBACK_RANKING_RESEARCH,candidate
TAG_WORKFLOW_STATUS_0434,import_status,导入状态,Import Status,workflow_status,workflow_status,L2,,,TRUE,TRUE,TRUE,TRUE,workflow_filter,false,workflow_state,none,导入状态。,Import Status,,,WORKBENCH_RESEARCH,candidate
TAG_WORKFLOW_STATUS_0435,annotation_status,标注状态,Annotation Status,workflow_status,workflow_status,L2,,,TRUE,TRUE,TRUE,TRUE,workflow_filter,false,workflow_state,none,标注状态。,Annotation Status,,,WORKBENCH_RESEARCH,candidate
TAG_WORKFLOW_STATUS_0436,readiness_status,可用状态,Readiness Status,workflow_status,workflow_status,L2,,,TRUE,TRUE,TRUE,TRUE,workflow_filter,false,workflow_state,none,可用状态。,Readiness Status,,,WORKBENCH_RESEARCH,candidate
TAG_WORKFLOW_STATUS_0437,raw,未处理,Raw,workflow_status,import_status,L3,,,TRUE,TRUE,TRUE,TRUE,workflow_filter,false,workflow_state,none,未处理工作流状态。,Raw,,,WORKBENCH_RESEARCH,candidate
TAG_WORKFLOW_STATUS_0438,imported,已导入,Imported,workflow_status,import_status,L3,,,TRUE,TRUE,TRUE,TRUE,workflow_filter,false,workflow_state,none,已导入工作流状态。,Imported,,,WORKBENCH_RESEARCH,candidate
TAG_WORKFLOW_STATUS_0439,probe_failed,探测失败,Probe Failed,workflow_status,import_status,L3,,,TRUE,TRUE,TRUE,TRUE,workflow_filter,false,workflow_state,none,探测失败工作流状态。,Probe Failed,,,WORKBENCH_RESEARCH,candidate
TAG_WORKFLOW_STATUS_0440,proxy_ready,代理文件就绪,Proxy Ready,workflow_status,import_status,L3,,,TRUE,TRUE,TRUE,TRUE,workflow_filter,false,workflow_state,none,代理文件就绪工作流状态。,Proxy Ready,,,WORKBENCH_RESEARCH,candidate
TAG_WORKFLOW_STATUS_0441,thumb_ready,缩略图就绪,Thumbnail Ready,workflow_status,import_status,L3,,,TRUE,TRUE,TRUE,TRUE,workflow_filter,false,workflow_state,none,缩略图就绪工作流状态。,Thumbnail Ready,,,WORKBENCH_RESEARCH,candidate
TAG_WORKFLOW_STATUS_0442,triaged,粗标完成,Triaged,workflow_status,annotation_status,L3,,,TRUE,TRUE,TRUE,TRUE,workflow_filter,false,workflow_state,none,粗标完成工作流状态。,Triaged,,,WORKBENCH_RESEARCH,candidate
TAG_WORKFLOW_STATUS_0443,deep_tagged,深标完成,Deep Tagged,workflow_status,annotation_status,L3,,,TRUE,TRUE,TRUE,TRUE,workflow_filter,false,workflow_state,none,深标完成工作流状态。,Deep Tagged,,,WORKBENCH_RESEARCH,candidate
TAG_WORKFLOW_STATUS_0444,ai_prefilled,AI预填,AI Prefilled,workflow_status,annotation_status,L3,,,TRUE,TRUE,TRUE,TRUE,workflow_filter,false,workflow_state,none,AI预填工作流状态。,AI Prefilled,,,WORKBENCH_RESEARCH,candidate
TAG_WORKFLOW_STATUS_0445,human_confirmed,人工确认,Human Confirmed,workflow_status,annotation_status,L3,,,TRUE,TRUE,TRUE,TRUE,workflow_filter,false,workflow_state,none,人工确认工作流状态。,Human Confirmed,,,WORKBENCH_RESEARCH,candidate
TAG_WORKFLOW_STATUS_0446,prompt_ready,可进Prompt,Prompt Ready,workflow_status,readiness_status,L3,,,TRUE,TRUE,TRUE,TRUE,workflow_filter,false,workflow_state,none,可进Prompt工作流状态。,Prompt Ready,,,WORKBENCH_RESEARCH,candidate
TAG_WORKFLOW_STATUS_0447,active_safe,主动输入安全,Active Safe,workflow_status,readiness_status,L3,,,TRUE,TRUE,TRUE,TRUE,workflow_filter,false,workflow_state,none,主动输入安全工作流状态。,Active Safe,,,WORKBENCH_RESEARCH,candidate
TAG_WORKFLOW_STATUS_0448,offline_only,仅离线,Offline Only,workflow_status,readiness_status,L3,,,TRUE,TRUE,TRUE,TRUE,workflow_filter,false,workflow_state,none,仅离线工作流状态。,Offline Only,,,WORKBENCH_RESEARCH,candidate
TAG_WORKFLOW_STATUS_0449,rejected,已拒绝,Rejected,workflow_status,readiness_status,L3,,,TRUE,TRUE,TRUE,TRUE,workflow_filter,false,workflow_state,none,已拒绝工作流状态。,Rejected,,,WORKBENCH_RESEARCH,candidate
TAG_WORKFLOW_STATUS_0450,needs_review,待复审,Needs Review,workflow_status,readiness_status,L3,,,TRUE,TRUE,TRUE,TRUE,workflow_filter,false,workflow_state,none,待复审工作流状态。,Needs Review,,,WORKBENCH_RESEARCH,candidate
